docid,predicted_class
aaclkul,student
aagelci,department
aangjmn,project
aawnpc,other
abdjgiz,faculty
abeith,other
acbplmv,staff
aceolgzx,staff
aeohgccl,other
afdtazl,student
ahomx,faculty
aigkvvw,other
aiiuj,other
aimch,student
aiqltd,student
aishkqu,student
aixqtudn,course
aizdnscx,other
ajgfhfc,course
ajjwszik,student
akbfdvs,other
aktnyrw,faculty
alfaog,other
aljsfwq,other
alrywqkr,student
altuxox,student
altxhm,other
amowrsh,staff
ampuskyi,student
amvukjdd,other
amwcmt,student
amzuns,other
anjxcrs,course
anpusdof,student
apakwv,course
apcgc,other
apkhal,staff
aplafmip,other
apmwy,other
apnbs,other
appjcc,project
aqhzllis,student
aqsrcsy,course
arwvjftm,other
arzeerl,other
asani,course
asjtpgrs,other
aslkxlcr,other
asmucefp,other
aspksukx,faculty
aspnkeit,other
audtaxh,project
augeudkf,course
augwaud,student
aunqt,course
avemi,other
awioiejc,other
awlal,other
axgkxmj,student
axphpch,course
aykqf,staff
ayteap,department
azndzp,course
bbgkx,course
bcsrsbug,student
bdcydd,student
bdptkaio,student
bdwiu,course
begqls,other
beoczxhp,other
beoyl,other
beveykcq,other
bfiznf,other
bghlh,student
bgnisk,student
bgudhc,student
bgxblaq,other
bhjnxfeq,student
bhkvqidu,course
bhlwohi,other
bhptsyjz,student
bhuwf,other
bhzijblm,other
biaio,other
bilwr,other
bjjitsgt,other
bjwiuevz,other
bjzfnftw,other
blobw,course
bmmzflr,other
bnbsv,other
boarhn,course
bodmvxdf,other
bofjb,other
bondtsrh,other
bovyrx,other
bpblgwar,course
bphhvc,other
bpjzrlxy,other
bpxla,course
bqbvlmis,project
bqcuk,other
bqfbagmb,other
brhotofi,student
brmtqcj,student
brorn,student
browzov,other
brwup,student
brzpgboe,project
bsjgc,other
bsjsuzw,project
bslps,other
btpdso,department
btrlegkg,student
bttjq,faculty
bulvw,other
bumcmpt,other
bvabh,staff
bvkkhgyo,student
bvnniatg,other
bvtwusw,course
bvvko,project
bwjjh,other
bwvavr,other
bxwnlyu,course
bxxlthi,staff
bypmk,project
byyxifzz,student
bzavavce,course
bzbyv,other
bzthieu,other
caaelf,other
caecfi,other
caeck,other
caogdi,course
cbdxh,department
cbuuznl,other
ccbje,other
cddmp,course
cdhwa,other
cdruyo,student
cehogf,other
cenlf,course
cfcynn,other
cfsvmoen,course
cftid,staff
cfwzqt,course
cgjuowc,faculty
charmfhj,student
chwusgl,student
cifmtm,student
cifyk,other
cioumfyi,other
ciuipt,department
ciwmb,course
cjnrzzmk,course
cjnxondy,other
ckemt,student
cketrvj,course
ckhzgl,other
clcydbp,student
clkaoj,course
clpyjrid,other
clsxoodd,other
cnhjk,project
cnlce,faculty
coomnevj,project
cotsv,department
cqksepwt,other
cqqqjx,other
cqtek,course
cqyvoud,other
cqzxj,other
crbexe,course
crusceee,course
ctfljg,other
ctshqqfo,student
cvxtmt,project
cwlxvwh,other
cxdpjw,student
cxjmjdh,course
cxvkh,other
czkze,student
czvftspe,other
czwglks,course
dbtooseb,other
dcbnebw,other
dcidctu,course
dclyjjg,other
ddgreszb,student
ddlpfjed,student
ddsnlb,other
ddurpci,other
ddwoml,other
debuzvc,student
deopslyp,other
deqwxxpt,other
devpg,other
dfuhpn,project
dfvnobj,student
dfzdiiy,student
dgppgjr,other
dhrezf,student
dhtdvz,other
digdken,other
djqfg,student
djrcms,other
dkgpnac,other
dkzacj,course
dmdjwh,other
dmiti,student
dmxjlh,other
doihof,other
dqhfisnj,other
dqxgzzq,other
dsnfmpl,course
dsvfsknw,other
duevfegy,other
duewkd,other
duhyq,course
dupih,other
dupnrc,other
duztbzxs,course
dvtry,staff
dwsrmkmd,department
dxratuv,other
dxwljzj,other
dykbpos,other
dyruktbc,student
dyzbzmd,other
eanugl,other
eapzf,course
ecpfwumt,course
eechlt,student
eenhsx,project
eeqnxdb,other
eezqfeb,student
efkum,course
egjrrq,staff
egqhoaq,department
eicecdq,staff
eicifodp,course
eihif,course
eisomf,other
ejdmt,student
ejygdjl,student
ekauzlfp,other
eksgz,other
ekwtr,course
elbnnrs,student
elgcpgx,other
elsgfepj,other
emjhblgl,other
empwxl,other
emtufqje,student
enikcsv,course
eoohbumy,student
epftt,course
eplubxxs,course
eporowdg,other
epuimb,student
epxzvm,other
erxspdd,other
eshbrq,other
esjxb,department
espxbh,other
estbkk,other
esxrrht,other
etibjjjs,other
eudatvy,other
evegw,other
evwphope,project
ewlew,other
ewnonvxy,other
ewsktq,student
ewwcso,student
exatc,student
excvdwzh,course
exiitk,student
eyaswbjz,other
eygbw,student
eyjdhqq,other
eysee,department
eytliaib,other
eyvafkd,student
eyxtv,faculty
ezpaic,other
fajpkgj,other
faprw,other
faqoft,other
fbcvban,other
fbzij,other
fcpcxixw,course
fcwjgf,other
fczhavit,other
fdxcbwrj,other
feavav,other
feeuawp,course
fekdcta,other
ffcrqo,project
ffczrnz,other
ffqtge,other
ffrkhfcp,other
fgnuh,other
fhalcyxq,other
fhayg,other
fhszf,other
fhwlo,student
fimnwyjw,student
fizgc,other
fjxpjfez,other
fksba,faculty
fkvuit,project
flectkq,student
flgtpxn,course
fmahjld,course
fmjcrj,student
fmmiki,project
fmqwylsg,course
fndgjmzm,other
fnqkojm,department
fnsurvey,course
fppga,other
fpwuad,course
fqealu,other
fqkyhcel,other
fqnaj,student
fromyknh,other
fsjvm,other
ftipfpcv,other
fudhjb,project
fugmzdml,other
fuvxncl,course
fuxozggi,other
fvcnksd,project
fvgngpl,faculty
fvuyfjv,staff
fwzhcxrx,project
fxabo,other
fxqhlu,course
fygug,course
fzgowhq,other
fzuwzk,staff
fzyjwl,other
gaqepyeo,student
gazyznk,other
gbmsh,other
gbumd,other
gbvqwbe,staff
gbzlhhl,course
gciirlh,other
gdgvwifk,student
gdpex,student
gduwb,course
gdxmso,other
gedcirqa,other
geiruvj,other
gevdzsvt,other
gfpmjx,student
gfvefxbu,course
gfwdbf,staff
gfyrwma,project
ggozukjr,course
ghxnl,student
gieoqvia,course
gjhhavd,course
gjpcxt,student
gjtxqp,department
gjuhqzdv,other
gkdnf,student
gkhact,course
gkqtn,other
gkvqoukw,other
gnaju,department
gnothl,course
gnrotudd,project
gnzbtght,other
gotjzb,other
gowqht,project
goxgfr,project
gqgtsy,other
grddrzm,other
gtbdebp,other
gtchjnzw,student
gtdarzt,project
gtdctoah,other
gtgxgzcn,other
gtjdqq,other
gtwhcjns,other
gtxqws,course
gurvox,student
gwnono,other
gwojb,student
gwtwpgzd,course
gwytgt,other
gxabdahe,course
gxdcpwo,faculty
gxqadkgw,other
gyldrugw,staff
gyutr,other
gzcicjd,faculty
gzomtedw,other
gzzdke,other
hafjoyi,other
haifof,student
hbobpex,other
hbregcw,student
hchoacu,course
hcxyp,course
hczmwigz,other
heaeeg,other
heatdq,student
heiozqq,other
hezwgs,other
hfdchvs,project
hfpivpuu,student
hgjwxb,student
hgmehmo,project
hhabfel,student
hhdjgk,other
hhdrss,course
hhsnp,other
higwe,course
hkdkgy,course
hlsypm,course
hltxkki,other
hmavwgj,other
hmdjklt,course
hmidet,student
hmrwjp,other
hngmr,other
hnweal,course
hoqua,other
hovra,course
hpsaouip,course
hpweca,other
hpzoxitc,project
hqrwpbt,course
hquvdf,student
hrojordm,student
hrshysyc,course
hskgpx,course
hszvzt,department
htbdkait,course
htqac,course
huovxti,other
hurpsrje,other
huumx,other
hvmsfmtn,course
hvstwh,other
hwxdzumg,other
hxkeks,other
hxncig,other
hyakvwkw,other
hyutx,other
iasqknq,student
iavwjn,staff
iawcg,other
ibnqs,student
ibxwya,project
icptqhh,student
iczwhz,student
idjfvfvk,department
ifclx,student
ifhyt,course
ifttvly,student
igamsti,course
igfttdjo,other
igswa,project
ihrpmc,course
ihsbfi,other
iirmwgfq,student
iitwjneu,other
iivlvl,course
ijkhegq,student
ijoyru,course
ijsqaud,course
ikgbbfg,other
iklphm,staff
ilktf,student
iloxxj,other
imdrjq,course
imltuesr,other
immpx,other
inlsldab,other
ioabqtxs,student
ioxoxekd,course
iplufn,student
iprfwqc,staff
iqbqv,student
iqeigph,project
irhvgjs,other
irhvprt,other
irjhn,other
irrdkkbn,student
iryynwmk,other
isxcfiva,course
iszou,staff
itlkmcny,other
itmbdhy,student
itozobft,student
iuxnok,course
iuxtwgjz,student
iwron,student
iwsxp,other
iwwwqw,other
iwywhmi,other
ixfhz,student
ixfqx,other
ixoubp,other
ixslka,other
iyemmjpt,staff
iyfsi,student
iypszquv,student
iyykc,course
izhzil,student
izktf,project
iztxnf,other
jbarxv,other
jcalgzyq,student
jcmkz,student
jctytnm,project
jdjamsls,other
jdnph,course
jdnrfqx,other
jdscdzrq,other
jdwxv,other
jewrlbk,course
jfdjl,student
jffly,project
jfiubhz,student
jfpfze,staff
jfqpd,other
jfwjlbtk,other
jgzrtkhc,project
jhptp,other
jieeefx,other
jjdohqq,course
jjomjmu,other
jjtlz,course
jjvpn,course
jklzmg,project
jlecz,other
jlkbszx,course
jlrqqriz,staff
jmbmykpe,staff
jmcmoudq,other
jmiqllv,other
jnlam,student
jnvplm,student
jptfm,other
jpxvffy,other
jqbbor,student
jqbuixz,course
jqeqv,other
jqfuqu,other
jrkacjdp,student
jrpbytj,other
jryqezxd,course
jspgm,other
jswcx,staff
jsybmuwh,course
jsyjyssc,course
jtahlq,course
jtcqmpo,other
jubzucis,other
juealsvj,other
junlpo,course
juwhwbv,other
juwmtndc,other
jvhhaxpn,course
jvnyyk,project
jwawqn,other
jwfzxxg,other
jwkygjy,student
jxbmfg,other
jxiite,other
jxjpziw,other
jxpqg,other
jxqpwlw,student
jyeyszb,other
jyffkgyk,other
jymnj,course
jzifdoy,other
jzjei,course
jzoegbn,student
jzoyf,student
kaqaica,other
karbsg,other
kbjsadwd,other
kbsxru,course
kbwcx,other
kcjaz,project
kcldhpcj,student
kcogomz,other
kdscbeoa,other
kegru,other
kejiyfi,other
kesfngwd,course
kfbgivtc,other
kgaxenm,student
kgmxep,other
kgtrkmsz,course
khcaied,project
khtaydx,faculty
kiqge,other
kjfoazza,student
kjjbbt,student
kjnmoil,staff
kjsyzoav,other
klpyg,student
kltqcs,course
klysfu,other
klzplzo,course
kmrpuzwi,course
knvdg,other
kobkw,student
kofrfx,faculty
kqghrpia,other
kqohtbk,course
kqqjul,department
krdwlm,other
krjly,other
ksbke,staff
ksglvhbn,other
kskwfq,course
kspcm,other
ksuan,other
ktjhyivf,course
ktmvcnv,student
kubbcel,course
kucnbni,other
kuecr,other
kulinjxp,other
kuwjxt,course
kvals,course
kvtlipjh,course
kvxrm,other
kwmbjag,other
kxbknr,other
kxckdvl,staff
kxkilvn,other
kxwsy,staff
kydoocvs,course
kypnmal,staff
kyughy,other
kzgrf,other
kzhkaelo,other
kztyatd,student
kzvrrq,student
laazymrn,staff
lafkhdc,course
lalle,course
lawengc,course
lawhfzt,student
lbbfjhf,other
lbiaen,project
lbokfzil,course
lclvhfy,other
lcnosc,course
lcuod,student
ldwcriio,course
ldwnvwx,staff
ldwvc,course
lexfksko,other
lftxjvs,other
lfukf,course
lfuutmdo,other
lfzwtjn,student
lgzaacv,other
lgztt,student
lhecwea,other
lhmqz,other
lhyku,department
livhw,course
livtdd,other
ljqcj,staff
ljylnd,course
lkhsef,other
lknwvokt,student
lkyjhgjr,student
llsokyh,student
lmobyly,other
lndjiibk,other
lnezhnb,other
lnjznbyx,other
lnstrg,other
lobyn,course
loflw,course
lohsn,other
lomurthi,other
lpqqysth,other
lptrnbd,student
lpzykg,other
lqomt,other
lquduym,other
lsfqtx,faculty
lsmbvcgc,course
lswtmup,student
ltwcnxe,course
ltxmyss,department
lvaetsrg,other
lvqkyij,other
lwhudcyk,other
lwvwd,student
lwzgs,other
lxgov,other
lxhpien,course
lxmezm,student
lxnadu,student
lxqvv,student
lxvgk,other
lxzsc,department
lyjtcwqm,other
lynsj,staff
lzooyy,other
lzqgc,other
lzqquih,course
lzybo,other
mabprrc,staff
macgmms,student
macjz,staff
maktwrg,faculty
mbfpm,other
mbyfebju,course
mcfjym,other
mdfbugu,student
mdqybvdc,other
meqmm,staff
metwifo,course
mfdsqlg,course
mfkaijyg,other
mfowj,other
mfpqw,faculty
mfryd,student
mgapfvg,department
mgaymm,other
mgqqsxli,other
mgvpscd,other
mhxvauhj,other
mlylezz,student
mmigvvwa,other
mmizx,course
mmlrd,student
mmtvoq,other
mmuuo,course
mnjwv,course
mnrzhw,course
moesglp,other
moksh,other
mpejiarb,course
mpgisgc,other
mphlxz,project
mqfmt,other
mqfpyvdb,other
mqncr,faculty
mqxwc,student
mrqhsday,other
msvrcfr,other
mtsglnze,other
mtzuqdqc,student
mudeyg,other
muncc,other
muuzsqc,course
muxhh,student
mvhtl,other
mvjyf,other
mvlaq,staff
mvxmadyv,student
mvzdvi,student
mwejx,other
mxcxhcl,other
mxrcuqy,other
myipwh,course
myzizsmt,other
mzajvh,other
mzguliw,student
mziqqxrl,project
nbvsh,student
ncnaj,other
ncnwm,other
nefxpthf,student
nfdrma,course
nfixgpu,other
nfntx,other
ngiwn,student
nhumd,course
niiskl,other
niizdbw,other
nimbgu,student
nizpnfpt,other
njcit,staff
njesic,other
nksrwz,department
nkury,course
nkxxa,other
nlxxo,student
nlzggd,other
nmhpr,staff
nnccrkk,course
nodjvh,course
nqhxy,course
nqnor,student
nrkvfmyh,department
nrqtkx,other
nsigmjh,other
nsixfrwy,student
ntrfeys,other
nttawca,staff
nugwhj,course
nummeoic,student
nutlkn,student
nuurfy,student
nvmngy,project
nvyekh,other
nwjkcjbp,faculty
nwqios,staff
nwsqesmo,other
nyqbs,other
nzoti,student
oaabx,course
oarjpfa,other
oatzro,student
obdwbbir,student
obkxqf,course
oceonvf,student
ocpni,course
odgedcwl,department
odngwf,student
oecphzmr,other
oehiy,staff
ofewooh,course
ofkcidqa,student
ogkbg,department
ogtvbzty,other
ohvniioj,other
oikri,department
ojpivf,other
ojwsr,student
okiin,other
okjyrnjo,faculty
okpobjnf,student
oktyq,other
olbqqcm,other
olyhatok,other
omfea,course
omvawb,course
ondlxia,other
oneaef,course
onxtxl,staff
ooipyor,student
oosiq,other
ootxjgh,other
oouybbn,student
oovhs,student
opklki,other
opxnfsb,other
orhfuocp,student
orjro,other
ortvnlou,other
oruixd,other
otajs,other
otbmgnv,other
oujqzhsy,staff
oumtq,other
ouyuwu,other
ovfkp,student
ovtoilww,other
ovzunke,course
owlrody,student
owscy,student
owvpwso,project
oxaepx,student
oxvcgj,other
oyfvhply,other
oyknedm,student
oyuuo,other
oyvbwwkp,faculty
paorb,other
pbawnp,other
pbgmp,other
pbkzt,other
pbmbnsmg,other
pcfxm,course
pcjsleru,faculty
pcniublf,student
pcunh,project
pdkbg,student
pdmah,faculty
pdmpmk,other
pdqqm,other
pdwmhrga,course
pejbfu,project
pfhqfrd,faculty
pfuoqee,faculty
pfwwd,other
pgtdgqa,other
pgtrzghe,student
phbez,other
phdommor,faculty
phiccyjo,course
phidq,course
piepnnef,staff
pieuuqju,staff
pinguqo,faculty
pisti,faculty
pizzvke,staff
pjnrhtd,other
pjnwjfgw,other
pjxvuupt,other
pkbni,student
pkvviu,other
pkxxb,faculty
plbcxaf,other
plcks,staff
plddbm,student
plkwghja,course
plnsnh,other
plrzpl,course
plwcqfga,course
pmmpv,other
pmneprn,course
pmtwul,staff
pnblr,staff
pnurvmuj,other
pobhzrg,course
pohzzvig,other
pomrzubt,other
ponim,other
ponpbpet,other
pottb,course
povhh,course
ppewcgla,student
pqowg,other
prhhoulq,student
prlhb,course
psenda,course
psenoob,faculty
pspktcof,student
psrjytzy,other
psvlaxwd,other
psvry,other
ptfmkkg,other
purnf,other
pvyjdfvh,course
pwrwosjh,course
pxcwhekn,course
pxkrm,other
pyepcme,other
pyiphyg,course
pytglao,student
pyywwcr,other
pzaevn,student
pzfsl,other
pzidtqlv,other
pznqy,project
qajnzy,other
qapnjtpf,course
qbbtusu,other
qbhrsv,student
qbqrkpx,other
qcaet,staff
qcaljay,other
qdhikrl,faculty
qetmh,other
qetpato,course
qexjy,other
qfphl,other
qfxbal,project
qfyyq,other
qfzzfcr,course
qgxpftrc,course
qgzfwk,other
qhaov,other
qhfvar,other
qhjnp,course
qiovk,student
qiswj,other
qjaaazpc,other
qjimegkq,department
qjjlm,course
qjpdfr,other
qkhtsm,other
qkqvjt,other
qmbrbf,department
qmosutu,course
qnoufgn,course
qnsjufb,student
qobxesvq,other
qolyb,course
qovhvrh,project
qqfdj,student
qqpjjl,other
qqvkpysh,course
qqxkdezo,other
qraso,course
qraxhjys,other
qrbuxab,student
qripfz,other
qruaqyip,other
qrvoln,other
qtdrqcai,other
qtfpnpr,student
qtishmb,staff
qtwwz,student
quatg,course
quptkflk,project
quyjp,other
qvgvh,other
qvkigj,other
qvxwlws,other
qwhqbqtr,course
qxdrhk,other
qxltpmh,faculty
qxuwjkk,student
qxxqr,other
qxyitrll,student
qygqm,staff
qysqqr,student
qzajgt,other
qzmjh,other
qzpupxt,course
rayfcgh,faculty
rbsvykbl,other
rbylaaw,staff
rbzxmg,other
rcdphl,other
rcxfcogj,student
rcyogl,other
rdhezzsl,student
rdnmnzrc,other
rdovq,staff
rdqpjqlx,other
redifgfj,student
reraeopq,staff
reukyfwa,course
rfdzm,student
rfiabezw,staff
rfnxfuk,staff
rhrilmb,faculty
rhsep,other
riagwy,other
rieafyrm,course
rioljwtj,other
rixsxfif,staff
rjbqqdw,other
rjhmytnw,other
rjkqlkz,course
rjqcds,student
rjukv,department
rkatx,student
rkmxdpsz,course
rkokgno,student
rlnave,student
rlnxbkvn,other
rlspsv,other
rlyhuzi,course
rmdyewrl,student
rmwiu,other
rmxyhbk,other
rngiu,project
rnhzudzg,other
rnosomvv,student
rntfgee,other
roisjft,other
rosxu,staff
rowjm,student
rpidkd,other
rpukwtef,other
rpwonk,course
rqabbch,course
rqbxxl,course
rqdpssq,staff
rqocwhxu,course
rrgpppop,other
rseuer,student
rsfebueu,staff
rszjd,other
rtdgpvlc,student
rtdhifk,course
rtdiyzd,other
rteuy,student
rthigud,student
rujnpfdv,other
rusorxq,other
ruxgzeax,student
rvgdymog,course
rvjpodb,student
rvwffq,other
rwmiz,staff
rwrko,student
rxnjvgzd,other
rxzeli,course
rymqfqdn,other
ryqcne,student
ryvjcfnj,other
ryvuha,course
ryxpilnj,course
ryzxu,other
samhkjzj,other
saqelsg,other
sbdvyks,course
sbswsnik,other
sbzkac,other
sbzthj,other
scbezdx,staff
scfijbu,course
scldtmm,other
scoqtrpn,other
sdaedo,other
sdwkztnc,other
sdyiaw,course
secpx,other
setevnrs,course
sffqp,other
sfnmxx,other
sgrcqh,other
shabqkpo,student
shgrrxm,project
shlql,project
shorc,other
shvuuls,student
sijitbd,other
sikxp,department
silpo,course
simnaiid,other
sivqknlq,other
skcbez,other
skjbikqn,other
skzzyz,other
sliutrq,course
sluybuce,course
smffe,course
smhwljcv,other
smismv,staff
smjotpto,other
smkcife,student
smqmlfgn,other
smqsgj,course
smtqfu,other
smydraa,student
sndtbf,other
snkofs,student
snldrfht,other
snwpmu,student
sokrdvej,student
sorah,project
sphiqtdr,student
sphpwnwi,course
spksfaj,department
spvpn,faculty
sqbpijj,other
sqhos,student
sqwjskg,student
srfft,other
srjxwuc,course
srkhiapm,other
srtmzx,other
srylfnmn,other
stfmt,other
stfrgd,course
sttad,course
sulavwtn,other
suqfqzt,project
swccy,other
swgied,other
swsuue,other
swyppqy,course
sxdmgx,course
sxfkrscz,other
sxghcaoe,other
sxzju,other
syphpwi,other
syryuiq,course
syxty,other
syzkp,other
szclqg,other
szeuxgw,student
szlmwq,other
szvzt,course
szzsbzp,other
takejb,other
tbcbekmq,staff
tbhhyctl,other
tbkoiw,other
tbugr,other
tbztbzu,student
tciwtsu,other
tclbku,staff
tclywy,course
tcpjsr,project
teyskot,other
tfggglf,faculty
tfghbb,other
tgiyn,course
thjpmdp,other
thpiz,other
thxcjaib,other
tibnwoka,other
tibssnu,other
ticjdcr,other
ticyp,other
tidvz,other
titkmd,other
tjcyiuy,other
tjvzkyq,student
tjxmtdv,project
tkkhe,course
tkqvsduv,student
tmucvdi,staff
tmvwxf,other
tnfeezvd,other
tnjlwzwb,other
tnuwsmd,student
tomluz,course
tooal,other
tpdcgxy,department
tpedb,other
tqelvzrz,other
tqftv,student
tqofkoq,course
tqperqh,student
tqqlff,other
trwuo,other
tryacy,other
tsceov,other
tslgebal,staff
tspdree,other
tssjsw,other
ttain,course
ttjwn,other
ttlztms,other
ttqpaslw,course
tvcksd,course
tvkyfq,student
tvmqpm,other
twfqhbrg,student
twqjlu,other
twzqsn,other
txetad,other
txnig,staff
txyyqtyg,other
tyflylsk,other
tzabfv,student
tzkasqnn,student
tzloz,other
tznjyo,course
tzzky,other
tzznkxf,student
uaalnyoj,other
uapyjabq,other
uaupqkjg,other
uazvhld,student
ubpfdjg,student
ucomfn,other
ucqabpbo,staff
udfqv,other
udghn,other
udjcy,other
ueaelqhp,project
uecth,student
uefdjout,student
uehan,other
uerqckoj,other
ufsug,other
uftkkja,course
ugcynhdy,other
ughlzdd,department
ugyrbjsh,course
uhakc,staff
uhbbh,other
uhuwvfkk,other
uicnn,course
uihixqum,other
uiidp,student
ujnnvh,student
ukgoagzq,other
uktep,course
ulfyinpd,project
ulmioz,other
umaqs,student
umfmofv,other
umhdmc,student
umqzp,staff
unbawwp,course
uncjwyyp,student
uneyzw,course
unmkyxtt,faculty
unmwiet,course
unokivxy,student
unxkz,student
uohan,course
uonjb,course
uoqfwcge,student
uphoqmv,course
upvdcil,other
upzieony,course
upzow,student
uqrfyv,student
uqvegan,other
urauv,other
uraxyoec,faculty
urgmrkp,other
urhjkm,faculty
urjbt,student
urmpyj,course
urpxexkq,other
urwojpfi,project
usnst,student
usodu,other
utcniycx,other
utste,other
utthj,course
utvxb,student
uudvxh,staff
uuouaarr,student
uupkms,other
uuvni,student
uuyzux,course
uuzjjep,student
uvdoelf,student
uvqtpm,other
uvtdgfti,student
uwnkyw,other
uxdouy,staff
uxhlojgi,course
uymslh,student
uypqg,other
uzmbjytx,other
vamvo,other
vbefiwn,student
vbpiud,staff
vbvejg,other
vbyxl,other
vceoh,course
vcghxedd,faculty
vdxpzkfl,other
veacz,other
vejoina,other
vetejigi,other
vgdjl,other
vgflj,course
vgghodxn,student
vgkqf,other
vgyes,other
viduze,other
vircjd,student
vivfatjo,other
vjaghhtu,student
vjejypo,other
vkpfv,staff
vkyun,other
vlpbgmh,other
vmaagp,student
vmeusmjs,other
vmtkvyq,other
vnibwn,other
voaecend,other
vofqtp,other
vofxu,student
vougrt,other
vpasle,course
vpiwso,department
vplyymbb,other
vptlgja,other
vpxuxe,other
vpzsxsde,other
vqcvew,staff
vqshies,student
vrnec,project
vrpbzut,student
vryhvzg,other
vsscij,student
vsvgi,other
vszfsxc,other
vtcrtk,other
vteob,other
vtgaqhef,student
vtpjku,other
vucvfbo,other
vukas,staff
vukoi,project
vukvkftf,other
vvnujx,other
vvpwfqpw,course
vvtckzz,student
vvvty,course
vvzcwkr,course
vwdpdg,faculty
vwpazsc,other
vwuwqyt,student
vxwschv,other
vxydxvhn,other
vydaya,student
vyiacx,department
vyxyw,other
wagnh,other
waktj,other
wayudf,department
wbiyyafc,student
wbqkmk,other
wbuul,other
wbxnhayf,other
wcgqxff,faculty
wcjpbf,other
wcwtzpny,other
wdmhyym,student
wdvxr,course
wdyitfx,other
werhnlmo,other
weuyrc,other
weyaq,other
wezofmdj,other
wfdvqju,other
wfqwne,staff
whatoka,course
whchrj,student
whgcvmc,other
winew,faculty
wiozj,course
wisos,student
wjdnmh,student
wjflwg,other
wjikmk,other
wjwnoa,course
wkabbe,other
wkbpmmx,faculty
wkgyykz,other
wkkwq,student
wkqvj,other
wlgmcu,faculty
wlujat,student
wmwvatnb,student
wmzuqp,course
wnkmdk,other
woamr,course
wognyts,course
woiup,other
wozlcqqe,course
wozzc,other
wponbx,other
wpwkd,other
wpzfjnwb,other
wqftug,course
wqnpthh,course
wqrxuql,other
wqydh,other
wroia,student
wrwgeb,other
wrwst,other
wsmcxjb,student
wsrchup,course
wtvjwt,other
wuafx,student
wuptba,other
wupxmuix,other
wuuif,student
wuuosaed,student
wvhluq,student
wvjzvyvw,other
wvmbv,other
wvxmnt,other
wwisnmd,staff
wwqvvjs,course
wxbhjnn,course
wxbhke,other
wxlsfqdf,other
wxpmg,other
wxsty,other
wzbokx,faculty
wzbpymob,other
wzime,other
wzkfopvp,other
wzmiky,other
wzzsat,other
xbazlov,student
xbccwj,other
xbczrmz,other
xbodwpf,other
xbywiofb,course
xdwwn,student
xdyech,department
xefhoj,other
xegyoao,course
xehjwfv,course
xehokcn,other
xekcw,student
xelszv,other
xfaiss,other
xfmweyy,student
xfyqrgf,other
xggyx,course
xgtpxl,other
xhekwdq,course
xhfqxyg,course
xhokpp,student
xicjxs,student
xigmw,staff
xisjhb,other
xiwqo,other
xiyialqk,student
xjdbg,other
xjlsnsah,other
xjtobrx,student
xkpxrf,other
xlgkek,other
xlhpgzu,staff
xlmkr,student
xlobzd,course
xmmhnp,student
xmpmap,other
xmrhqtqb,course
xmuzdze,staff
xmvvel,student
xnrqsl,other
xnwfz,other
xpajbs,student
xpolx,course
xquntnm,course
xrceqcgi,course
xtjou,other
xtkmljpb,department
xtlfyrqe,other
xtnlnc,course
xuime,other
xuoppkn,other
xvcldiw,faculty
xvesdne,other
xvlikyt,student
xvzmwpsh,other
xwdvabs,other
xwgndfxh,other
xxnbrcs,student
xxyuea,other
xyiafjk,course
xyksfzpt,course
xyqlp,other
xyqyyd,staff
xyufofwi,student
xzgww,department
yadbhst,other
yajcfiu,staff
yapkjnvk,faculty
yawspc,staff
ybbbche,course
ybcvkiqf,other
ybmlhz,other
ybppz,other
yckusfqv,student
ycvkbx,faculty
ydbfhql,course
ydkxsvar,other
yfowe,other
yftemp,other
yfygyu,student
yghie,student
ygjolah,course
ygqsjtxz,department
ygrgy,other
ygycaic,other
yhcpzrfo,faculty
yhwmjuo,other
yiltpbly,student
yimpq,other
yiohudke,course
yjdwr,staff
yjmvoa,project
yjmwkn,student
yjrtz,staff
yjtubjn,student
yloilxu,other
ylvqmlp,course
ylwraohb,other
ymako,other
ymkwkcd,project
ympfium,other
ynikxrtr,course
ynozhbm,other
yolbla,other
yoqrlnzf,other
ypksxut,other
ypmwe,other
ypudwfvf,other
ypwwzekj,other
ypxfdn,other
yqium,department
yrjhu,student
yruomuus,course
ysfrk,other
ythxhd,other
ytpju,other
ytvco,other
yucra,other
yujiusv,other
yvdelq,other
yvxpvlc,student
ywosgix,course
ywpbst,other
ywrzvbyr,other
yxmkc,faculty
yxzgihv,other
yywthxme,student
yzpjgv,faculty
yzqamu,faculty
yzqkk,student
yzvdbvgg,other
zabhnt,student
zcjqp,other
zcprw,student
zcwlvejw,other
zcywupd,other
zdepjjwh,student
zemgq,other
zfehbu,course
zfmgxz,staff
zfmpy,other
zgrtpsri,staff
zgrzpiay,staff
zgwwfvlq,other
zhncldpt,student
zhwcpf,student
zibqmi,course
zilams,other
ziuunycb,other
ziuzwl,other
zjggyij,project
zkivua,other
zkrcw,student
zkwhp,other
zlshvea,other
zlsqsds,student
zlvjh,other
zndgv,other
znnex,project
zobjoz,other
zodhxn,course
zonegssw,student
zoukpqm,other
zpeuuxw,other
zqaau,other
zqaipj,course
zrnggdny,other
zsakwfvj,other
zsbkhic,student
zsylru,other
ztmcj,staff
ztoydtcl,course
ztrfkwki,department
zudeebif,other
zupzrry,other
zvrysckq,other
zwcgsbo,student
zxcehieq,course
zxexuw,course
zxmmn,other
zxwkru,faculty
zybimtt,course
zypnixf,other
