docid,predicted_class
aaclkul,student
aagelci,other
aangjmn,other
aawnpc,course
abdjgiz,student
abeith,other
acbplmv,other
aceolgzx,course
aeohgccl,course
afdtazl,student
ahomx,faculty
aigkvvw,student
aiiuj,course
aimch,student
aiqltd,course
aishkqu,other
aixqtudn,course
aizdnscx,other
ajgfhfc,student
ajjwszik,student
akbfdvs,student
aktnyrw,student
alfaog,course
aljsfwq,student
alrywqkr,department
altuxox,student
altxhm,course
amowrsh,course
ampuskyi,other
amvukjdd,course
amwcmt,student
amzuns,project
anjxcrs,faculty
anpusdof,course
apakwv,other
apcgc,student
apkhal,student
aplafmip,faculty
apmwy,other
apnbs,faculty
appjcc,course
aqhzllis,student
aqsrcsy,department
arwvjftm,student
arzeerl,student
asani,course
asjtpgrs,student
aslkxlcr,other
asmucefp,other
aspksukx,faculty
aspnkeit,other
audtaxh,student
augeudkf,course
augwaud,course
aunqt,course
avemi,course
awioiejc,staff
awlal,student
axgkxmj,course
axphpch,other
aykqf,other
ayteap,faculty
azndzp,department
bbgkx,course
bcsrsbug,student
bdcydd,student
bdptkaio,student
bdwiu,course
begqls,project
beoczxhp,other
beoyl,project
beveykcq,other
bfiznf,course
bghlh,student
bgnisk,student
bgudhc,course
bgxblaq,other
bhjnxfeq,other
bhkvqidu,course
bhlwohi,other
bhptsyjz,student
bhuwf,other
bhzijblm,other
biaio,student
bilwr,other
bjjitsgt,course
bjwiuevz,other
bjzfnftw,other
blobw,course
bmmzflr,department
bnbsv,student
boarhn,course
bodmvxdf,student
bofjb,other
bondtsrh,other
bovyrx,student
bpblgwar,course
bphhvc,project
bpjzrlxy,student
bpxla,other
bqbvlmis,course
bqcuk,other
bqfbagmb,department
brhotofi,faculty
brmtqcj,faculty
brorn,project
browzov,course
brwup,student
brzpgboe,other
bsjgc,other
bsjsuzw,project
bslps,other
btpdso,course
btrlegkg,other
bttjq,other
bulvw,student
bumcmpt,course
bvabh,course
bvkkhgyo,student
bvnniatg,course
bvtwusw,course
bvvko,course
bwjjh,student
bwvavr,faculty
bxwnlyu,other
bxxlthi,staff
bypmk,other
byyxifzz,student
bzavavce,course
bzbyv,course
bzthieu,department
caaelf,student
caecfi,other
caeck,student
caogdi,course
cbdxh,student
cbuuznl,other
ccbje,student
cddmp,course
cdhwa,course
cdruyo,student
cehogf,faculty
cenlf,student
cfcynn,student
cfsvmoen,course
cftid,student
cfwzqt,other
cgjuowc,faculty
charmfhj,faculty
chwusgl,other
cifmtm,faculty
cifyk,student
cioumfyi,course
ciuipt,other
ciwmb,project
cjnrzzmk,course
cjnxondy,student
ckemt,student
cketrvj,other
ckhzgl,project
clcydbp,department
clkaoj,course
clpyjrid,student
clsxoodd,faculty
cnhjk,project
cnlce,course
coomnevj,student
cotsv,course
cqksepwt,course
cqqqjx,student
cqtek,course
cqyvoud,course
cqzxj,student
crbexe,course
crusceee,course
ctfljg,faculty
ctshqqfo,course
cvxtmt,project
cwlxvwh,course
cxdpjw,faculty
cxjmjdh,other
cxvkh,faculty
czkze,faculty
czvftspe,course
czwglks,course
dbtooseb,other
dcbnebw,faculty
dcidctu,other
dclyjjg,other
ddgreszb,student
ddlpfjed,student
ddsnlb,faculty
ddurpci,other
ddwoml,project
debuzvc,other
deopslyp,student
deqwxxpt,other
devpg,student
dfuhpn,other
dfvnobj,student
dfzdiiy,faculty
dgppgjr,project
dhrezf,student
dhtdvz,course
digdken,course
djqfg,project
djrcms,other
dkgpnac,other
dkzacj,staff
dmdjwh,other
dmiti,student
dmxjlh,faculty
doihof,other
dqhfisnj,course
dqxgzzq,student
dsnfmpl,department
dsvfsknw,other
duevfegy,student
duewkd,course
duhyq,project
dupih,other
dupnrc,other
duztbzxs,course
dvtry,faculty
dwsrmkmd,course
dxratuv,department
dxwljzj,other
dykbpos,other
dyruktbc,staff
dyzbzmd,student
eanugl,course
eapzf,course
ecpfwumt,course
eechlt,other
eenhsx,project
eeqnxdb,other
eezqfeb,course
efkum,course
egjrrq,department
egqhoaq,other
eicecdq,faculty
eicifodp,course
eihif,course
eisomf,project
ejdmt,course
ejygdjl,student
ekauzlfp,staff
eksgz,other
ekwtr,other
elbnnrs,course
elgcpgx,department
elsgfepj,other
emjhblgl,other
empwxl,other
emtufqje,course
enikcsv,student
eoohbumy,course
epftt,other
eplubxxs,other
eporowdg,other
epuimb,student
epxzvm,faculty
erxspdd,other
eshbrq,other
esjxb,faculty
espxbh,other
estbkk,course
esxrrht,other
etibjjjs,student
eudatvy,other
evegw,faculty
evwphope,project
ewlew,student
ewnonvxy,other
ewsktq,student
ewwcso,faculty
exatc,student
excvdwzh,course
exiitk,other
eyaswbjz,student
eygbw,faculty
eyjdhqq,student
eysee,other
eytliaib,student
eyvafkd,other
eyxtv,faculty
ezpaic,course
fajpkgj,other
faprw,course
faqoft,other
fbcvban,faculty
fbzij,course
fcpcxixw,department
fcwjgf,other
fczhavit,course
fdxcbwrj,student
feavav,other
feeuawp,course
fekdcta,other
ffcrqo,course
ffczrnz,other
ffqtge,other
ffrkhfcp,other
fgnuh,department
fhalcyxq,other
fhayg,faculty
fhszf,course
fhwlo,student
fimnwyjw,student
fizgc,other
fjxpjfez,student
fksba,other
fkvuit,course
flectkq,other
flgtpxn,faculty
fmahjld,course
fmjcrj,other
fmmiki,course
fmqwylsg,student
fndgjmzm,other
fnqkojm,course
fnsurvey,course
fppga,other
fpwuad,student
fqealu,project
fqkyhcel,other
fqnaj,student
fromyknh,project
fsjvm,other
ftipfpcv,course
fudhjb,other
fugmzdml,other
fuvxncl,other
fuxozggi,other
fvcnksd,other
fvgngpl,student
fvuyfjv,faculty
fwzhcxrx,course
fxabo,other
fxqhlu,course
fygug,other
fzgowhq,other
fzuwzk,student
fzyjwl,student
gaqepyeo,student
gazyznk,student
gbmsh,other
gbumd,student
gbvqwbe,student
gbzlhhl,course
gciirlh,other
gdgvwifk,other
gdpex,faculty
gduwb,faculty
gdxmso,student
gedcirqa,other
geiruvj,other
gevdzsvt,other
gfpmjx,other
gfvefxbu,course
gfwdbf,course
gfyrwma,department
ggozukjr,course
ghxnl,student
gieoqvia,course
gjhhavd,other
gjpcxt,department
gjtxqp,course
gjuhqzdv,course
gkdnf,other
gkhact,student
gkqtn,course
gkvqoukw,course
gnaju,other
gnothl,course
gnrotudd,department
gnzbtght,course
gotjzb,other
gowqht,course
goxgfr,student
gqgtsy,other
grddrzm,other
gtbdebp,course
gtchjnzw,staff
gtdarzt,other
gtdctoah,student
gtgxgzcn,staff
gtjdqq,staff
gtwhcjns,other
gtxqws,course
gurvox,other
gwnono,other
gwojb,other
gwtwpgzd,course
gwytgt,department
gxabdahe,department
gxdcpwo,faculty
gxqadkgw,other
gyldrugw,faculty
gyutr,other
gzcicjd,faculty
gzomtedw,course
gzzdke,faculty
hafjoyi,other
haifof,student
hbobpex,faculty
hbregcw,student
hchoacu,other
hcxyp,course
hczmwigz,student
heaeeg,faculty
heatdq,student
heiozqq,other
hezwgs,other
hfdchvs,other
hfpivpuu,student
hgjwxb,student
hgmehmo,other
hhabfel,faculty
hhdjgk,faculty
hhdrss,student
hhsnp,other
higwe,course
hkdkgy,course
hlsypm,other
hltxkki,course
hmavwgj,student
hmdjklt,course
hmidet,student
hmrwjp,other
hngmr,course
hnweal,course
hoqua,student
hovra,student
hpsaouip,course
hpweca,other
hpzoxitc,department
hqrwpbt,other
hquvdf,faculty
hrojordm,other
hrshysyc,faculty
hskgpx,other
hszvzt,other
htbdkait,course
htqac,other
huovxti,other
hurpsrje,faculty
huumx,student
hvmsfmtn,staff
hvstwh,other
hwxdzumg,course
hxkeks,student
hxncig,faculty
hyakvwkw,other
hyutx,staff
iasqknq,student
iavwjn,student
iawcg,other
ibnqs,other
ibxwya,student
icptqhh,other
iczwhz,other
idjfvfvk,course
ifclx,student
ifhyt,student
ifttvly,project
igamsti,student
igfttdjo,other
igswa,course
ihrpmc,course
ihsbfi,other
iirmwgfq,course
iitwjneu,faculty
iivlvl,student
ijkhegq,faculty
ijoyru,course
ijsqaud,course
ikgbbfg,project
iklphm,student
ilktf,other
iloxxj,course
imdrjq,course
imltuesr,other
immpx,student
inlsldab,other
ioabqtxs,course
ioxoxekd,other
iplufn,course
iprfwqc,faculty
iqbqv,other
iqeigph,other
irhvgjs,course
irhvprt,student
irjhn,other
irrdkkbn,other
iryynwmk,course
isxcfiva,student
iszou,student
itlkmcny,other
itmbdhy,student
itozobft,other
iuxnok,course
iuxtwgjz,student
iwron,faculty
iwsxp,other
iwwwqw,faculty
iwywhmi,student
ixfhz,course
ixfqx,project
ixoubp,department
ixslka,other
iyemmjpt,faculty
iyfsi,student
iypszquv,student
iyykc,course
izhzil,faculty
izktf,other
iztxnf,other
jbarxv,faculty
jcalgzyq,staff
jcmkz,other
jctytnm,faculty
jdjamsls,student
jdnph,student
jdnrfqx,student
jdscdzrq,other
jdwxv,student
jewrlbk,other
jfdjl,student
jffly,student
jfiubhz,faculty
jfpfze,faculty
jfqpd,student
jfwjlbtk,course
jgzrtkhc,other
jhptp,department
jieeefx,faculty
jjdohqq,course
jjomjmu,other
jjtlz,other
jjvpn,faculty
jklzmg,course
jlecz,other
jlkbszx,course
jlrqqriz,course
jmbmykpe,student
jmcmoudq,student
jmiqllv,course
jnlam,student
jnvplm,student
jptfm,other
jpxvffy,other
jqbbor,student
jqbuixz,student
jqeqv,course
jqfuqu,student
jrkacjdp,course
jrpbytj,other
jryqezxd,student
jspgm,course
jswcx,faculty
jsybmuwh,course
jsyjyssc,course
jtahlq,student
jtcqmpo,other
jubzucis,other
juealsvj,other
junlpo,student
juwhwbv,department
juwmtndc,other
jvhhaxpn,course
jvnyyk,other
jwawqn,student
jwfzxxg,other
jwkygjy,student
jxbmfg,department
jxiite,other
jxjpziw,student
jxpqg,student
jxqpwlw,student
jyeyszb,project
jyffkgyk,other
jymnj,course
jzifdoy,student
jzjei,course
jzoegbn,student
jzoyf,department
kaqaica,student
karbsg,student
kbjsadwd,student
kbsxru,course
kbwcx,department
kcjaz,course
kcldhpcj,course
kcogomz,other
kdscbeoa,staff
kegru,student
kejiyfi,other
kesfngwd,faculty
kfbgivtc,other
kgaxenm,student
kgmxep,course
kgtrkmsz,faculty
khcaied,project
khtaydx,student
kiqge,faculty
kjfoazza,staff
kjjbbt,other
kjnmoil,other
kjsyzoav,faculty
klpyg,other
kltqcs,course
klysfu,student
klzplzo,course
kmrpuzwi,other
knvdg,course
kobkw,student
kofrfx,other
kqghrpia,course
kqohtbk,course
kqqjul,other
krdwlm,course
krjly,course
ksbke,course
ksglvhbn,faculty
kskwfq,course
kspcm,course
ksuan,other
ktjhyivf,other
ktmvcnv,project
kubbcel,faculty
kucnbni,faculty
kuecr,other
kulinjxp,course
kuwjxt,course
kvals,course
kvtlipjh,course
kvxrm,other
kwmbjag,course
kxbknr,faculty
kxckdvl,other
kxkilvn,other
kxwsy,student
kydoocvs,course
kypnmal,student
kyughy,other
kzgrf,project
kzhkaelo,student
kztyatd,other
kzvrrq,other
laazymrn,student
lafkhdc,course
lalle,other
lawengc,course
lawhfzt,student
lbbfjhf,student
lbiaen,project
lbokfzil,other
lclvhfy,course
lcnosc,student
lcuod,course
ldwcriio,course
ldwnvwx,department
ldwvc,course
lexfksko,other
lftxjvs,course
lfukf,course
lfuutmdo,student
lfzwtjn,department
lgzaacv,course
lgztt,student
lhecwea,project
lhmqz,course
lhyku,course
livhw,course
livtdd,course
ljqcj,course
ljylnd,course
lkhsef,faculty
lknwvokt,student
lkyjhgjr,project
llsokyh,staff
lmobyly,faculty
lndjiibk,faculty
lnezhnb,department
lnjznbyx,other
lnstrg,other
lobyn,course
loflw,course
lohsn,course
lomurthi,other
lpqqysth,course
lptrnbd,student
lpzykg,other
lqomt,department
lquduym,project
lsfqtx,other
lsmbvcgc,other
lswtmup,faculty
ltwcnxe,student
ltxmyss,other
lvaetsrg,course
lvqkyij,other
lwhudcyk,faculty
lwvwd,student
lwzgs,other
lxgov,project
lxhpien,course
lxmezm,student
lxnadu,student
lxqvv,staff
lxvgk,course
lxzsc,project
lyjtcwqm,other
lynsj,faculty
lzooyy,department
lzqgc,faculty
lzqquih,project
lzybo,other
mabprrc,student
macgmms,staff
macjz,student
maktwrg,course
mbfpm,other
mbyfebju,faculty
mcfjym,other
mdfbugu,student
mdqybvdc,course
meqmm,faculty
metwifo,course
mfdsqlg,student
mfkaijyg,student
mfowj,other
mfpqw,student
mfryd,student
mgapfvg,other
mgaymm,other
mgqqsxli,course
mgvpscd,other
mhxvauhj,student
mlylezz,course
mmigvvwa,student
mmizx,course
mmlrd,faculty
mmtvoq,student
mmuuo,course
mnjwv,course
mnrzhw,student
moesglp,other
moksh,other
mpejiarb,faculty
mpgisgc,course
mphlxz,other
mqfmt,course
mqfpyvdb,student
mqncr,course
mqxwc,other
mrqhsday,other
msvrcfr,course
mtsglnze,student
mtzuqdqc,student
mudeyg,project
muncc,student
muuzsqc,course
muxhh,student
mvhtl,department
mvjyf,other
mvlaq,student
mvxmadyv,other
mvzdvi,student
mwejx,other
mxcxhcl,course
mxrcuqy,course
myipwh,course
myzizsmt,course
mzajvh,course
mzguliw,course
mziqqxrl,faculty
nbvsh,student
ncnaj,student
ncnwm,course
nefxpthf,course
nfdrma,course
nfixgpu,course
nfntx,other
ngiwn,course
nhumd,other
niiskl,course
niizdbw,other
nimbgu,student
nizpnfpt,student
njcit,student
njesic,course
nksrwz,course
nkury,course
nkxxa,other
nlxxo,student
nlzggd,other
nmhpr,student
nnccrkk,other
nodjvh,student
nqhxy,course
nqnor,course
nrkvfmyh,course
nrqtkx,student
nsigmjh,project
nsixfrwy,student
ntrfeys,other
nttawca,faculty
nugwhj,course
nummeoic,student
nutlkn,student
nuurfy,student
nvmngy,course
nvyekh,department
nwjkcjbp,other
nwqios,student
nwsqesmo,department
nyqbs,other
nzoti,faculty
oaabx,student
oarjpfa,course
oatzro,department
obdwbbir,student
obkxqf,faculty
oceonvf,student
ocpni,course
odgedcwl,department
odngwf,student
oecphzmr,course
oehiy,faculty
ofewooh,other
ofkcidqa,student
ogkbg,course
ogtvbzty,course
ohvniioj,faculty
oikri,other
ojpivf,department
ojwsr,faculty
okiin,student
okjyrnjo,faculty
okpobjnf,student
oktyq,other
olbqqcm,project
olyhatok,student
omfea,course
omvawb,other
ondlxia,department
oneaef,faculty
onxtxl,other
ooipyor,student
oosiq,student
ootxjgh,other
oouybbn,student
oovhs,student
opklki,other
opxnfsb,faculty
orhfuocp,other
orjro,course
ortvnlou,other
oruixd,other
otajs,other
otbmgnv,other
oujqzhsy,course
oumtq,other
ouyuwu,course
ovfkp,student
ovtoilww,course
ovzunke,other
owlrody,project
owscy,department
owvpwso,department
oxaepx,other
oxvcgj,project
oyfvhply,course
oyknedm,course
oyuuo,other
oyvbwwkp,student
paorb,other
pbawnp,course
pbgmp,student
pbkzt,other
pbmbnsmg,course
pcfxm,other
pcjsleru,other
pcniublf,faculty
pcunh,course
pdkbg,student
pdmah,faculty
pdmpmk,other
pdqqm,other
pdwmhrga,course
pejbfu,course
pfhqfrd,course
pfuoqee,student
pfwwd,faculty
pgtdgqa,project
pgtrzghe,student
phbez,course
phdommor,faculty
phiccyjo,other
phidq,course
piepnnef,other
pieuuqju,faculty
pinguqo,faculty
pisti,student
pizzvke,project
pjnrhtd,department
pjnwjfgw,student
pjxvuupt,course
pkbni,student
pkvviu,other
pkxxb,student
plbcxaf,other
plcks,faculty
plddbm,other
plkwghja,course
plnsnh,other
plrzpl,student
plwcqfga,other
pmmpv,course
pmneprn,department
pmtwul,course
pnblr,student
pnurvmuj,other
pobhzrg,course
pohzzvig,other
pomrzubt,department
ponim,department
ponpbpet,faculty
pottb,course
povhh,student
ppewcgla,student
pqowg,course
prhhoulq,other
prlhb,course
psenda,other
psenoob,other
pspktcof,student
psrjytzy,other
psvlaxwd,other
psvry,other
ptfmkkg,other
purnf,department
pvyjdfvh,course
pwrwosjh,course
pxcwhekn,course
pxkrm,course
pyepcme,other
pyiphyg,student
pytglao,student
pyywwcr,course
pzaevn,student
pzfsl,faculty
pzidtqlv,other
pznqy,faculty
qajnzy,other
qapnjtpf,other
qbbtusu,course
qbhrsv,faculty
qbqrkpx,other
qcaet,department
qcaljay,faculty
qdhikrl,other
qetmh,faculty
qetpato,course
qexjy,other
qfphl,other
qfxbal,staff
qfyyq,student
qfzzfcr,other
qgxpftrc,course
qgzfwk,faculty
qhaov,course
qhfvar,student
qhjnp,course
qiovk,project
qiswj,other
qjaaazpc,other
qjimegkq,staff
qjjlm,course
qjpdfr,other
qkhtsm,course
qkqvjt,faculty
qmbrbf,other
qmosutu,course
qnoufgn,student
qnsjufb,course
qobxesvq,course
qolyb,course
qovhvrh,other
qqfdj,faculty
qqpjjl,other
qqvkpysh,course
qqxkdezo,student
qraso,course
qraxhjys,faculty
qrbuxab,student
qripfz,faculty
qruaqyip,course
qrvoln,course
qtdrqcai,course
qtfpnpr,student
qtishmb,faculty
qtwwz,student
quatg,course
quptkflk,student
quyjp,course
qvgvh,course
qvkigj,course
qvxwlws,student
qwhqbqtr,other
qxdrhk,student
qxltpmh,faculty
qxuwjkk,student
qxxqr,department
qxyitrll,other
qygqm,course
qysqqr,faculty
qzajgt,other
qzmjh,faculty
qzpupxt,course
rayfcgh,faculty
rbsvykbl,other
rbylaaw,student
rbzxmg,department
rcdphl,other
rcxfcogj,staff
rcyogl,course
rdhezzsl,student
rdnmnzrc,course
rdovq,student
rdqpjqlx,other
redifgfj,staff
reraeopq,other
reukyfwa,student
rfdzm,other
rfiabezw,student
rfnxfuk,other
rhrilmb,other
rhsep,faculty
riagwy,student
rieafyrm,course
rioljwtj,other
rixsxfif,faculty
rjbqqdw,course
rjhmytnw,course
rjkqlkz,course
rjqcds,faculty
rjukv,student
rkatx,student
rkmxdpsz,student
rkokgno,student
rlnave,course
rlnxbkvn,project
rlspsv,other
rlyhuzi,other
rmdyewrl,student
rmwiu,course
rmxyhbk,course
rngiu,course
rnhzudzg,other
rnosomvv,student
rntfgee,student
roisjft,course
rosxu,course
rowjm,other
rpidkd,faculty
rpukwtef,course
rpwonk,course
rqabbch,course
rqbxxl,course
rqdpssq,staff
rqocwhxu,course
rrgpppop,course
rseuer,staff
rsfebueu,faculty
rszjd,other
rtdgpvlc,student
rtdhifk,course
rtdiyzd,course
rteuy,student
rthigud,student
rujnpfdv,student
rusorxq,other
ruxgzeax,course
rvgdymog,other
rvjpodb,student
rvwffq,course
rwmiz,student
rwrko,course
rxnjvgzd,student
rxzeli,course
rymqfqdn,other
ryqcne,other
ryvjcfnj,course
ryvuha,student
ryxpilnj,course
ryzxu,other
samhkjzj,project
saqelsg,other
sbdvyks,other
sbswsnik,student
sbzkac,student
sbzthj,course
scbezdx,other
scfijbu,course
scldtmm,other
scoqtrpn,student
sdaedo,faculty
sdwkztnc,faculty
sdyiaw,student
secpx,student
setevnrs,course
sffqp,student
sfnmxx,course
sgrcqh,other
shabqkpo,student
shgrrxm,student
shlql,student
shorc,course
shvuuls,student
sijitbd,student
sikxp,faculty
silpo,course
simnaiid,other
sivqknlq,project
skcbez,faculty
skjbikqn,student
skzzyz,course
sliutrq,course
sluybuce,course
smffe,other
smhwljcv,course
smismv,course
smjotpto,course
smkcife,faculty
smqmlfgn,student
smqsgj,other
smtqfu,other
smydraa,student
sndtbf,course
snkofs,student
snldrfht,other
snwpmu,course
sokrdvej,department
sorah,other
sphiqtdr,department
sphpwnwi,department
spksfaj,student
spvpn,student
sqbpijj,other
sqhos,staff
sqwjskg,other
srfft,course
srjxwuc,course
srkhiapm,course
srtmzx,project
srylfnmn,other
stfmt,other
stfrgd,course
sttad,student
sulavwtn,course
suqfqzt,other
swccy,course
swgied,faculty
swsuue,faculty
swyppqy,course
sxdmgx,other
sxfkrscz,course
sxghcaoe,course
sxzju,department
syphpwi,staff
syryuiq,course
syxty,department
syzkp,other
szclqg,other
szeuxgw,faculty
szlmwq,project
szvzt,course
szzsbzp,project
takejb,other
tbcbekmq,other
tbhhyctl,course
tbkoiw,course
tbugr,other
tbztbzu,student
tciwtsu,student
tclbku,student
tclywy,course
tcpjsr,course
teyskot,faculty
tfggglf,other
tfghbb,course
tgiyn,course
thjpmdp,project
thpiz,student
thxcjaib,course
tibnwoka,other
tibssnu,other
ticjdcr,other
ticyp,student
tidvz,other
titkmd,other
tjcyiuy,course
tjvzkyq,student
tjxmtdv,course
tkkhe,course
tkqvsduv,faculty
tmucvdi,student
tmvwxf,other
tnfeezvd,course
tnjlwzwb,student
tnuwsmd,other
tomluz,project
tooal,course
tpdcgxy,faculty
tpedb,other
tqelvzrz,other
tqftv,student
tqofkoq,staff
tqperqh,course
tqqlff,department
trwuo,other
tryacy,faculty
tsceov,course
tslgebal,course
tspdree,project
tssjsw,student
ttain,student
ttjwn,student
ttlztms,course
ttqpaslw,course
tvcksd,other
tvkyfq,other
tvmqpm,other
twfqhbrg,faculty
twqjlu,course
twzqsn,staff
txetad,course
txnig,student
txyyqtyg,department
tyflylsk,other
tzabfv,department
tzkasqnn,student
tzloz,other
tznjyo,course
tzzky,other
tzznkxf,course
uaalnyoj,course
uapyjabq,student
uaupqkjg,course
uazvhld,other
ubpfdjg,student
ucomfn,other
ucqabpbo,other
udfqv,staff
udghn,course
udjcy,project
ueaelqhp,project
uecth,student
uefdjout,staff
uehan,project
uerqckoj,student
ufsug,course
uftkkja,other
ugcynhdy,other
ughlzdd,other
ugyrbjsh,course
uhakc,faculty
uhbbh,course
uhuwvfkk,other
uicnn,other
uihixqum,other
uiidp,student
ujnnvh,student
ukgoagzq,other
uktep,course
ulfyinpd,other
ulmioz,other
umaqs,faculty
umfmofv,student
umhdmc,faculty
umqzp,faculty
unbawwp,course
uncjwyyp,student
uneyzw,course
unmkyxtt,other
unmwiet,course
unokivxy,student
unxkz,student
uohan,course
uonjb,course
uoqfwcge,student
uphoqmv,other
upvdcil,student
upzieony,course
upzow,student
uqrfyv,other
uqvegan,course
urauv,department
uraxyoec,other
urgmrkp,other
urhjkm,faculty
urjbt,student
urmpyj,course
urpxexkq,faculty
urwojpfi,course
usnst,faculty
usodu,course
utcniycx,student
utste,other
utthj,student
utvxb,student
uudvxh,other
uuouaarr,other
uupkms,other
uuvni,student
uuyzux,course
uuzjjep,student
uvdoelf,student
uvqtpm,student
uvtdgfti,faculty
uwnkyw,department
uxdouy,course
uxhlojgi,student
uymslh,student
uypqg,student
uzmbjytx,student
vamvo,course
vbefiwn,course
vbpiud,faculty
vbvejg,other
vbyxl,other
vceoh,other
vcghxedd,faculty
vdxpzkfl,other
veacz,course
vejoina,course
vetejigi,student
vgdjl,project
vgflj,course
vgghodxn,department
vgkqf,student
vgyes,department
viduze,student
vircjd,staff
vivfatjo,other
vjaghhtu,other
vjejypo,faculty
vkpfv,department
vkyun,other
vlpbgmh,course
vmaagp,course
vmeusmjs,other
vmtkvyq,student
vnibwn,other
voaecend,course
vofqtp,student
vofxu,student
vougrt,other
vpasle,other
vpiwso,other
vplyymbb,other
vptlgja,project
vpxuxe,student
vpzsxsde,course
vqcvew,project
vqshies,faculty
vrnec,student
vrpbzut,other
vryhvzg,student
vsscij,faculty
vsvgi,course
vszfsxc,other
vtcrtk,department
vteob,other
vtgaqhef,student
vtpjku,faculty
vucvfbo,department
vukas,other
vukoi,project
vukvkftf,course
vvnujx,project
vvpwfqpw,course
vvtckzz,faculty
vvvty,other
vvzcwkr,course
vwdpdg,faculty
vwpazsc,other
vwuwqyt,staff
vxwschv,other
vxydxvhn,faculty
vydaya,student
vyiacx,faculty
vyxyw,other
wagnh,course
waktj,department
wayudf,department
wbiyyafc,student
wbqkmk,faculty
wbuul,student
wbxnhayf,other
wcgqxff,project
wcjpbf,faculty
wcwtzpny,other
wdmhyym,course
wdvxr,course
wdyitfx,student
werhnlmo,other
weuyrc,course
weyaq,course
wezofmdj,faculty
wfdvqju,project
wfqwne,student
whatoka,faculty
whchrj,student
whgcvmc,staff
winew,student
wiozj,course
wisos,course
wjdnmh,student
wjflwg,other
wjikmk,student
wjwnoa,other
wkabbe,student
wkbpmmx,faculty
wkgyykz,department
wkkwq,other
wkqvj,course
wlgmcu,faculty
wlujat,course
wmwvatnb,faculty
wmzuqp,course
wnkmdk,other
woamr,course
wognyts,department
woiup,other
wozlcqqe,course
wozzc,other
wponbx,other
wpwkd,course
wpzfjnwb,course
wqftug,faculty
wqnpthh,department
wqrxuql,other
wqydh,other
wroia,faculty
wrwgeb,faculty
wrwst,other
wsmcxjb,faculty
wsrchup,project
wtvjwt,student
wuafx,student
wuptba,other
wupxmuix,other
wuuif,student
wuuosaed,student
wvhluq,student
wvjzvyvw,project
wvmbv,other
wvxmnt,other
wwisnmd,course
wwqvvjs,department
wxbhjnn,course
wxbhke,other
wxlsfqdf,project
wxpmg,faculty
wxsty,student
wzbokx,faculty
wzbpymob,student
wzime,student
wzkfopvp,department
wzmiky,student
wzzsat,student
xbazlov,student
xbccwj,other
xbczrmz,other
xbodwpf,course
xbywiofb,other
xdwwn,faculty
xdyech,other
xefhoj,student
xegyoao,student
xehjwfv,course
xehokcn,course
xekcw,course
xelszv,other
xfaiss,course
xfmweyy,course
xfyqrgf,staff
xggyx,other
xgtpxl,student
xhekwdq,course
xhfqxyg,other
xhokpp,student
xicjxs,course
xigmw,faculty
xisjhb,student
xiwqo,student
xiyialqk,other
xjdbg,department
xjlsnsah,other
xjtobrx,other
xkpxrf,student
xlgkek,department
xlhpgzu,course
xlmkr,student
xlobzd,course
xmmhnp,student
xmpmap,course
xmrhqtqb,other
xmuzdze,student
xmvvel,project
xnrqsl,faculty
xnwfz,other
xpajbs,other
xpolx,course
xquntnm,department
xrceqcgi,course
xtjou,student
xtkmljpb,other
xtlfyrqe,course
xtnlnc,course
xuime,course
xuoppkn,other
xvcldiw,staff
xvesdne,student
xvlikyt,student
xvzmwpsh,other
xwdvabs,faculty
xwgndfxh,course
xxnbrcs,student
xxyuea,student
xyiafjk,course
xyksfzpt,other
xyqlp,student
xyqyyd,faculty
xyufofwi,course
xzgww,course
yadbhst,student
yajcfiu,faculty
yapkjnvk,student
yawspc,faculty
ybbbche,course
ybcvkiqf,other
ybmlhz,student
ybppz,faculty
yckusfqv,student
ycvkbx,department
ydbfhql,course
ydkxsvar,course
yfowe,course
yftemp,department
yfygyu,faculty
yghie,student
ygjolah,course
ygqsjtxz,staff
ygrgy,course
ygycaic,student
yhcpzrfo,other
yhwmjuo,course
yiltpbly,faculty
yimpq,other
yiohudke,other
yjdwr,student
yjmvoa,project
yjmwkn,other
yjrtz,student
yjtubjn,student
yloilxu,student
ylvqmlp,course
ylwraohb,student
ymako,other
ymkwkcd,other
ympfium,course
ynikxrtr,other
ynozhbm,course
yolbla,other
yoqrlnzf,project
ypksxut,department
ypmwe,other
ypudwfvf,course
ypwwzekj,course
ypxfdn,student
yqium,faculty
yrjhu,faculty
yruomuus,course
ysfrk,faculty
ythxhd,department
ytpju,student
ytvco,student
yucra,other
yujiusv,student
yvdelq,other
yvxpvlc,student
ywosgix,course
ywpbst,other
ywrzvbyr,project
yxmkc,faculty
yxzgihv,other
yywthxme,other
yzpjgv,faculty
yzqamu,faculty
yzqkk,student
yzvdbvgg,student
zabhnt,other
zcjqp,student
zcprw,student
zcwlvejw,course
zcywupd,other
zdepjjwh,project
zemgq,student
zfehbu,faculty
zfmgxz,staff
zfmpy,faculty
zgrtpsri,faculty
zgrzpiay,course
zgwwfvlq,student
zhncldpt,student
zhwcpf,other
zibqmi,course
zilams,course
ziuunycb,other
ziuzwl,project
zjggyij,student
zkivua,other
zkrcw,project
zkwhp,student
zlshvea,other
zlsqsds,student
zlvjh,other
zndgv,faculty
znnex,other
zobjoz,student
zodhxn,course
zonegssw,course
zoukpqm,student
zpeuuxw,student
zqaau,department
zqaipj,course
zrnggdny,project
zsakwfvj,project
zsbkhic,project
zsylru,course
ztmcj,project
ztoydtcl,other
ztrfkwki,department
zudeebif,course
zupzrry,student
zvrysckq,student
zwcgsbo,project
zxcehieq,project
zxexuw,faculty
zxmmn,course
zxwkru,other
zybimtt,other
zypnixf,department
