docid,predicted_class
aaclkul,other
aagelci,course
aangjmn,other
aawnpc,course
abdjgiz,student
abeith,other
acbplmv,other
aceolgzx,other
aeohgccl,other
afdtazl,course
ahomx,faculty
aigkvvw,student
aiiuj,course
aimch,other
aiqltd,faculty
aishkqu,other
aixqtudn,course
aizdnscx,other
ajgfhfc,other
ajjwszik,course
akbfdvs,student
aktnyrw,staff
alfaog,course
aljsfwq,staff
alrywqkr,other
altuxox,other
altxhm,course
amowrsh,course
ampuskyi,other
amvukjdd,course
amwcmt,student
amzuns,project
anjxcrs,staff
anpusdof,course
apakwv,other
apcgc,other
apkhal,other
aplafmip,faculty
apmwy,other
apnbs,project
appjcc,course
aqhzllis,other
aqsrcsy,department
arwvjftm,other
arzeerl,student
asani,course
asjtpgrs,other
aslkxlcr,other
asmucefp,other
aspksukx,faculty
aspnkeit,other
audtaxh,other
augeudkf,course
augwaud,course
aunqt,course
avemi,student
awioiejc,staff
awlal,course
axgkxmj,other
axphpch,other
aykqf,other
ayteap,faculty
azndzp,other
bbgkx,other
bcsrsbug,student
bdcydd,course
bdptkaio,faculty
bdwiu,course
begqls,project
beoczxhp,other
beoyl,project
beveykcq,other
bfiznf,course
bghlh,other
bgnisk,course
bgudhc,course
bgxblaq,faculty
bhjnxfeq,other
bhkvqidu,course
bhlwohi,project
bhptsyjz,student
bhuwf,course
bhzijblm,other
biaio,student
bilwr,course
bjjitsgt,course
bjwiuevz,course
bjzfnftw,project
blobw,course
bmmzflr,other
bnbsv,student
boarhn,course
bodmvxdf,project
bofjb,project
bondtsrh,staff
bovyrx,staff
bpblgwar,course
bphhvc,other
bpjzrlxy,student
bpxla,project
bqbvlmis,course
bqcuk,faculty
bqfbagmb,other
brhotofi,faculty
brmtqcj,faculty
brorn,project
browzov,course
brwup,other
brzpgboe,course
bsjgc,other
bsjsuzw,project
bslps,department
btpdso,faculty
btrlegkg,other
bttjq,course
bulvw,student
bumcmpt,course
bvabh,course
bvkkhgyo,course
bvnniatg,project
bvtwusw,course
bvvko,course
bwjjh,staff
bwvavr,faculty
bxwnlyu,other
bxxlthi,staff
bypmk,other
byyxifzz,staff
bzavavce,course
bzbyv,project
bzthieu,department
caaelf,project
caecfi,other
caeck,student
caogdi,course
cbdxh,student
cbuuznl,project
ccbje,project
cddmp,course
cdhwa,other
cdruyo,course
cehogf,faculty
cenlf,course
cfcynn,project
cfsvmoen,course
cftid,course
cfwzqt,other
cgjuowc,faculty
charmfhj,faculty
chwusgl,faculty
cifmtm,faculty
cifyk,project
cioumfyi,course
ciuipt,other
ciwmb,project
cjnrzzmk,course
cjnxondy,other
ckemt,student
cketrvj,other
ckhzgl,other
clcydbp,staff
clkaoj,course
clpyjrid,other
clsxoodd,other
cnhjk,project
cnlce,project
coomnevj,student
cotsv,course
cqksepwt,course
cqqqjx,other
cqtek,course
cqyvoud,other
cqzxj,project
crbexe,course
crusceee,course
ctfljg,faculty
ctshqqfo,course
cvxtmt,other
cwlxvwh,course
cxdpjw,faculty
cxjmjdh,staff
cxvkh,course
czkze,faculty
czvftspe,other
czwglks,course
dbtooseb,project
dcbnebw,faculty
dcidctu,other
dclyjjg,project
ddgreszb,other
ddlpfjed,student
ddsnlb,faculty
ddurpci,faculty
ddwoml,other
debuzvc,other
deopslyp,other
deqwxxpt,other
devpg,course
dfuhpn,course
dfvnobj,other
dfzdiiy,staff
dgppgjr,other
dhrezf,course
dhtdvz,other
digdken,course
djqfg,faculty
djrcms,other
dkgpnac,other
dkzacj,course
dmdjwh,other
dmiti,course
dmxjlh,staff
doihof,other
dqhfisnj,course
dqxgzzq,course
dsnfmpl,course
dsvfsknw,other
duevfegy,staff
duewkd,course
duhyq,project
dupih,other
dupnrc,project
duztbzxs,course
dvtry,faculty
dwsrmkmd,course
dxratuv,department
dxwljzj,project
dykbpos,other
dyruktbc,course
dyzbzmd,other
eanugl,course
eapzf,other
ecpfwumt,course
eechlt,other
eenhsx,project
eeqnxdb,project
eezqfeb,staff
efkum,other
egjrrq,other
egqhoaq,faculty
eicecdq,faculty
eicifodp,course
eihif,course
eisomf,other
ejdmt,course
ejygdjl,other
ekauzlfp,student
eksgz,student
ekwtr,project
elbnnrs,course
elgcpgx,course
elsgfepj,other
emjhblgl,other
empwxl,course
emtufqje,course
enikcsv,other
eoohbumy,course
epftt,other
eplubxxs,other
eporowdg,project
epuimb,course
epxzvm,faculty
erxspdd,other
eshbrq,other
esjxb,faculty
espxbh,other
estbkk,course
esxrrht,other
etibjjjs,student
eudatvy,other
evegw,course
evwphope,project
ewlew,student
ewnonvxy,course
ewsktq,course
ewwcso,faculty
exatc,other
excvdwzh,course
exiitk,course
eyaswbjz,other
eygbw,staff
eyjdhqq,other
eysee,course
eytliaib,course
eyvafkd,student
eyxtv,faculty
ezpaic,course
fajpkgj,other
faprw,other
faqoft,other
fbcvban,student
fbzij,course
fcpcxixw,course
fcwjgf,course
fczhavit,course
fdxcbwrj,other
feavav,course
feeuawp,course
fekdcta,project
ffcrqo,course
ffczrnz,other
ffqtge,other
ffrkhfcp,course
fgnuh,course
fhalcyxq,course
fhayg,faculty
fhszf,course
fhwlo,student
fimnwyjw,other
fizgc,other
fjxpjfez,student
fksba,other
fkvuit,course
flectkq,other
flgtpxn,faculty
fmahjld,course
fmjcrj,other
fmmiki,project
fmqwylsg,project
fndgjmzm,other
fnqkojm,course
fnsurvey,course
fppga,other
fpwuad,other
fqealu,other
fqkyhcel,other
fqnaj,student
fromyknh,course
fsjvm,other
ftipfpcv,course
fudhjb,project
fugmzdml,other
fuvxncl,other
fuxozggi,other
fvcnksd,other
fvgngpl,other
fvuyfjv,faculty
fwzhcxrx,course
fxabo,project
fxqhlu,course
fygug,project
fzgowhq,course
fzuwzk,student
fzyjwl,other
gaqepyeo,student
gazyznk,faculty
gbmsh,other
gbumd,other
gbvqwbe,other
gbzlhhl,course
gciirlh,other
gdgvwifk,project
gdpex,faculty
gduwb,other
gdxmso,other
gedcirqa,other
geiruvj,course
gevdzsvt,project
gfpmjx,other
gfvefxbu,course
gfwdbf,course
gfyrwma,department
ggozukjr,course
ghxnl,staff
gieoqvia,course
gjhhavd,other
gjpcxt,other
gjtxqp,project
gjuhqzdv,course
gkdnf,other
gkhact,student
gkqtn,other
gkvqoukw,course
gnaju,course
gnothl,other
gnrotudd,project
gnzbtght,course
gotjzb,other
gowqht,course
goxgfr,course
gqgtsy,other
grddrzm,course
gtbdebp,course
gtchjnzw,faculty
gtdarzt,other
gtdctoah,other
gtgxgzcn,staff
gtjdqq,student
gtwhcjns,project
gtxqws,course
gurvox,faculty
gwnono,staff
gwojb,faculty
gwtwpgzd,course
gwytgt,department
gxabdahe,department
gxdcpwo,faculty
gxqadkgw,course
gyldrugw,staff
gyutr,other
gzcicjd,faculty
gzomtedw,other
gzzdke,faculty
hafjoyi,other
haifof,other
hbobpex,faculty
hbregcw,student
hchoacu,other
hcxyp,course
hczmwigz,other
heaeeg,faculty
heatdq,student
heiozqq,other
hezwgs,other
hfdchvs,course
hfpivpuu,staff
hgjwxb,student
hgmehmo,project
hhabfel,faculty
hhdjgk,faculty
hhdrss,other
hhsnp,project
higwe,course
hkdkgy,course
hlsypm,other
hltxkki,course
hmavwgj,student
hmdjklt,course
hmidet,other
hmrwjp,other
hngmr,other
hnweal,course
hoqua,other
hovra,student
hpsaouip,course
hpweca,course
hpzoxitc,project
hqrwpbt,other
hquvdf,faculty
hrojordm,other
hrshysyc,faculty
hskgpx,staff
hszvzt,other
htbdkait,course
htqac,other
huovxti,other
hurpsrje,staff
huumx,student
hvmsfmtn,faculty
hvstwh,other
hwxdzumg,course
hxkeks,project
hxncig,faculty
hyakvwkw,project
hyutx,other
iasqknq,student
iavwjn,course
iawcg,other
ibnqs,other
ibxwya,faculty
icptqhh,course
iczwhz,student
idjfvfvk,course
ifclx,student
ifhyt,student
ifttvly,staff
igamsti,course
igfttdjo,course
igswa,course
ihrpmc,course
ihsbfi,project
iirmwgfq,course
iitwjneu,other
iivlvl,other
ijkhegq,faculty
ijoyru,course
ijsqaud,other
ikgbbfg,project
iklphm,staff
ilktf,other
iloxxj,course
imdrjq,course
imltuesr,course
immpx,other
inlsldab,other
ioabqtxs,course
ioxoxekd,other
iplufn,course
iprfwqc,faculty
iqbqv,other
iqeigph,other
irhvgjs,course
irhvprt,faculty
irjhn,course
irrdkkbn,other
iryynwmk,other
isxcfiva,other
iszou,staff
itlkmcny,other
itmbdhy,other
itozobft,other
iuxnok,course
iuxtwgjz,student
iwron,faculty
iwsxp,course
iwwwqw,faculty
iwywhmi,other
ixfhz,other
ixfqx,other
ixoubp,other
ixslka,other
iyemmjpt,faculty
iyfsi,course
iypszquv,student
iyykc,course
izhzil,staff
izktf,course
iztxnf,other
jbarxv,staff
jcalgzyq,staff
jcmkz,other
jctytnm,faculty
jdjamsls,other
jdnph,student
jdnrfqx,faculty
jdscdzrq,other
jdwxv,course
jewrlbk,other
jfdjl,student
jffly,project
jfiubhz,faculty
jfpfze,faculty
jfqpd,student
jfwjlbtk,course
jgzrtkhc,other
jhptp,course
jieeefx,faculty
jjdohqq,course
jjomjmu,other
jjtlz,course
jjvpn,faculty
jklzmg,project
jlecz,project
jlkbszx,department
jlrqqriz,course
jmbmykpe,staff
jmcmoudq,other
jmiqllv,course
jnlam,student
jnvplm,student
jptfm,course
jpxvffy,course
jqbbor,staff
jqbuixz,student
jqeqv,other
jqfuqu,other
jrkacjdp,course
jrpbytj,project
jryqezxd,course
jspgm,course
jswcx,course
jsybmuwh,course
jsyjyssc,course
jtahlq,other
jtcqmpo,other
jubzucis,other
juealsvj,other
junlpo,other
juwhwbv,course
juwmtndc,other
jvhhaxpn,course
jvnyyk,other
jwawqn,other
jwfzxxg,other
jwkygjy,staff
jxbmfg,other
jxiite,other
jxjpziw,other
jxpqg,student
jxqpwlw,course
jyeyszb,course
jyffkgyk,other
jymnj,course
jzifdoy,department
jzjei,course
jzoegbn,staff
jzoyf,course
kaqaica,other
karbsg,staff
kbjsadwd,other
kbsxru,course
kbwcx,course
kcjaz,course
kcldhpcj,course
kcogomz,project
kdscbeoa,staff
kegru,faculty
kejiyfi,other
kesfngwd,faculty
kfbgivtc,other
kgaxenm,faculty
kgmxep,other
kgtrkmsz,staff
khcaied,project
khtaydx,staff
kiqge,other
kjfoazza,staff
kjjbbt,course
kjnmoil,project
kjsyzoav,project
klpyg,staff
kltqcs,course
klysfu,course
klzplzo,course
kmrpuzwi,other
knvdg,other
kobkw,student
kofrfx,course
kqghrpia,course
kqohtbk,other
kqqjul,project
krdwlm,project
krjly,course
ksbke,course
ksglvhbn,staff
kskwfq,course
kspcm,course
ksuan,course
ktjhyivf,other
ktmvcnv,other
kubbcel,faculty
kucnbni,other
kuecr,other
kulinjxp,other
kuwjxt,course
kvals,course
kvtlipjh,course
kvxrm,course
kwmbjag,other
kxbknr,other
kxckdvl,project
kxkilvn,other
kxwsy,student
kydoocvs,course
kypnmal,project
kyughy,project
kzgrf,project
kzhkaelo,other
kztyatd,other
kzvrrq,other
laazymrn,faculty
lafkhdc,course
lalle,course
lawengc,course
lawhfzt,project
lbbfjhf,student
lbiaen,course
lbokfzil,other
lclvhfy,course
lcnosc,other
lcuod,course
ldwcriio,course
ldwnvwx,course
ldwvc,course
lexfksko,other
lftxjvs,course
lfukf,course
lfuutmdo,other
lfzwtjn,course
lgzaacv,course
lgztt,course
lhecwea,course
lhmqz,other
lhyku,project
livhw,course
livtdd,course
ljqcj,course
ljylnd,course
lkhsef,staff
lknwvokt,staff
lkyjhgjr,student
llsokyh,staff
lmobyly,course
lndjiibk,project
lnezhnb,department
lnjznbyx,project
lnstrg,project
lobyn,course
loflw,course
lohsn,course
lomurthi,course
lpqqysth,staff
lptrnbd,other
lpzykg,other
lqomt,department
lquduym,project
lsfqtx,other
lsmbvcgc,other
lswtmup,faculty
ltwcnxe,project
ltxmyss,other
lvaetsrg,course
lvqkyij,other
lwhudcyk,faculty
lwvwd,staff
lwzgs,course
lxgov,student
lxhpien,course
lxmezm,other
lxnadu,student
lxqvv,faculty
lxvgk,course
lxzsc,project
lyjtcwqm,other
lynsj,other
lzooyy,department
lzqgc,staff
lzqquih,project
lzybo,project
mabprrc,project
macgmms,project
macjz,faculty
maktwrg,course
mbfpm,other
mbyfebju,department
mcfjym,course
mdfbugu,student
mdqybvdc,course
meqmm,student
metwifo,other
mfdsqlg,faculty
mfkaijyg,other
mfowj,department
mfpqw,project
mfryd,student
mgapfvg,other
mgaymm,other
mgqqsxli,course
mgvpscd,course
mhxvauhj,student
mlylezz,course
mmigvvwa,other
mmizx,other
mmlrd,faculty
mmtvoq,student
mmuuo,course
mnjwv,course
mnrzhw,other
moesglp,other
moksh,other
mpejiarb,faculty
mpgisgc,course
mphlxz,other
mqfmt,course
mqfpyvdb,course
mqncr,staff
mqxwc,other
mrqhsday,project
msvrcfr,course
mtsglnze,other
mtzuqdqc,other
mudeyg,project
muncc,student
muuzsqc,course
muxhh,other
mvhtl,faculty
mvjyf,course
mvlaq,student
mvxmadyv,student
mvzdvi,project
mwejx,other
mxcxhcl,course
mxrcuqy,course
myipwh,course
myzizsmt,other
mzajvh,other
mzguliw,faculty
mziqqxrl,other
nbvsh,other
ncnaj,staff
ncnwm,other
nefxpthf,other
nfdrma,course
nfixgpu,faculty
nfntx,other
ngiwn,course
nhumd,other
niiskl,course
niizdbw,faculty
nimbgu,other
nizpnfpt,course
njcit,faculty
njesic,course
nksrwz,course
nkury,course
nkxxa,department
nlxxo,student
nlzggd,other
nmhpr,student
nnccrkk,project
nodjvh,staff
nqhxy,project
nqnor,student
nrkvfmyh,course
nrqtkx,other
nsigmjh,project
nsixfrwy,staff
ntrfeys,course
nttawca,faculty
nugwhj,course
nummeoic,student
nutlkn,other
nuurfy,student
nvmngy,course
nvyekh,department
nwjkcjbp,other
nwqios,course
nwsqesmo,course
nyqbs,other
nzoti,faculty
oaabx,other
oarjpfa,other
oatzro,department
obdwbbir,staff
obkxqf,other
oceonvf,course
ocpni,course
odgedcwl,department
odngwf,other
oecphzmr,course
oehiy,faculty
ofewooh,course
ofkcidqa,other
ogkbg,course
ogtvbzty,other
ohvniioj,faculty
oikri,other
ojpivf,department
ojwsr,staff
okiin,faculty
okjyrnjo,staff
okpobjnf,staff
oktyq,other
olbqqcm,project
olyhatok,course
omfea,course
omvawb,course
ondlxia,department
oneaef,faculty
onxtxl,course
ooipyor,student
oosiq,staff
ootxjgh,other
oouybbn,course
oovhs,other
opklki,department
opxnfsb,staff
orhfuocp,course
orjro,course
ortvnlou,project
oruixd,other
otajs,other
otbmgnv,other
oujqzhsy,student
oumtq,course
ouyuwu,course
ovfkp,student
ovtoilww,course
ovzunke,other
owlrody,other
owscy,other
owvpwso,department
oxaepx,other
oxvcgj,project
oyfvhply,department
oyknedm,course
oyuuo,other
oyvbwwkp,faculty
paorb,other
pbawnp,other
pbgmp,staff
pbkzt,other
pbmbnsmg,course
pcfxm,other
pcjsleru,project
pcniublf,staff
pcunh,project
pdkbg,student
pdmah,faculty
pdmpmk,course
pdqqm,course
pdwmhrga,course
pejbfu,course
pfhqfrd,course
pfuoqee,department
pfwwd,faculty
pgtdgqa,project
pgtrzghe,other
phbez,course
phdommor,faculty
phiccyjo,other
phidq,course
piepnnef,other
pieuuqju,faculty
pinguqo,faculty
pisti,student
pizzvke,course
pjnrhtd,department
pjnwjfgw,other
pjxvuupt,course
pkbni,student
pkvviu,course
pkxxb,other
plbcxaf,course
plcks,staff
plddbm,other
plkwghja,course
plnsnh,other
plrzpl,faculty
plwcqfga,other
pmmpv,course
pmneprn,other
pmtwul,course
pnblr,other
pnurvmuj,other
pobhzrg,other
pohzzvig,course
pomrzubt,department
ponim,other
ponpbpet,faculty
pottb,course
povhh,student
ppewcgla,staff
pqowg,course
prhhoulq,course
prlhb,course
psenda,other
psenoob,other
pspktcof,student
psrjytzy,other
psvlaxwd,project
psvry,other
ptfmkkg,project
purnf,department
pvyjdfvh,course
pwrwosjh,course
pxcwhekn,course
pxkrm,other
pyepcme,other
pyiphyg,other
pytglao,staff
pyywwcr,course
pzaevn,other
pzfsl,department
pzidtqlv,other
pznqy,other
qajnzy,other
qapnjtpf,department
qbbtusu,course
qbhrsv,faculty
qbqrkpx,other
qcaet,faculty
qcaljay,faculty
qdhikrl,faculty
qetmh,project
qetpato,course
qexjy,project
qfphl,department
qfxbal,staff
qfyyq,other
qfzzfcr,other
qgxpftrc,course
qgzfwk,faculty
qhaov,other
qhfvar,other
qhjnp,course
qiovk,other
qiswj,faculty
qjaaazpc,other
qjimegkq,staff
qjjlm,staff
qjpdfr,other
qkhtsm,course
qkqvjt,faculty
qmbrbf,course
qmosutu,course
qnoufgn,staff
qnsjufb,course
qobxesvq,course
qolyb,course
qovhvrh,other
qqfdj,staff
qqpjjl,project
qqvkpysh,course
qqxkdezo,faculty
qraso,student
qraxhjys,other
qrbuxab,other
qripfz,course
qruaqyip,staff
qrvoln,course
qtdrqcai,course
qtfpnpr,student
qtishmb,staff
qtwwz,student
quatg,course
quptkflk,course
quyjp,course
qvgvh,other
qvkigj,other
qvxwlws,project
qwhqbqtr,course
qxdrhk,other
qxltpmh,faculty
qxuwjkk,project
qxxqr,other
qxyitrll,other
qygqm,course
qysqqr,staff
qzajgt,other
qzmjh,faculty
qzpupxt,course
rayfcgh,faculty
rbsvykbl,other
rbylaaw,student
rbzxmg,course
rcdphl,other
rcxfcogj,staff
rcyogl,course
rdhezzsl,student
rdnmnzrc,course
rdovq,project
rdqpjqlx,project
redifgfj,other
reraeopq,other
reukyfwa,staff
rfdzm,project
rfiabezw,staff
rfnxfuk,project
rhrilmb,department
rhsep,faculty
riagwy,other
rieafyrm,course
rioljwtj,other
rixsxfif,faculty
rjbqqdw,course
rjhmytnw,course
rjkqlkz,course
rjqcds,faculty
rjukv,faculty
rkatx,student
rkmxdpsz,faculty
rkokgno,student
rlnave,other
rlnxbkvn,project
rlspsv,other
rlyhuzi,other
rmdyewrl,other
rmwiu,course
rmxyhbk,course
rngiu,other
rnhzudzg,other
rnosomvv,student
rntfgee,other
roisjft,course
rosxu,student
rowjm,other
rpidkd,other
rpukwtef,course
rpwonk,course
rqabbch,course
rqbxxl,course
rqdpssq,staff
rqocwhxu,course
rrgpppop,project
rseuer,staff
rsfebueu,faculty
rszjd,course
rtdgpvlc,student
rtdhifk,course
rtdiyzd,other
rteuy,staff
rthigud,course
rujnpfdv,other
rusorxq,project
ruxgzeax,course
rvgdymog,other
rvjpodb,other
rvwffq,course
rwmiz,other
rwrko,course
rxnjvgzd,student
rxzeli,course
rymqfqdn,course
ryqcne,course
ryvjcfnj,other
ryvuha,other
ryxpilnj,course
ryzxu,other
samhkjzj,project
saqelsg,other
sbdvyks,other
sbswsnik,course
sbzkac,course
sbzthj,course
scbezdx,other
scfijbu,course
scldtmm,course
scoqtrpn,other
sdaedo,staff
sdwkztnc,faculty
sdyiaw,student
secpx,student
setevnrs,course
sffqp,student
sfnmxx,course
sgrcqh,other
shabqkpo,other
shgrrxm,other
shlql,other
shorc,other
shvuuls,student
sijitbd,staff
sikxp,staff
silpo,course
simnaiid,other
sivqknlq,other
skcbez,staff
skjbikqn,student
skzzyz,course
sliutrq,course
sluybuce,course
smffe,other
smhwljcv,course
smismv,course
smjotpto,course
smkcife,other
smqmlfgn,other
smqsgj,other
smtqfu,other
smydraa,other
sndtbf,other
snkofs,student
snldrfht,other
snwpmu,course
sokrdvej,student
sorah,project
sphiqtdr,other
sphpwnwi,department
spksfaj,course
spvpn,department
sqbpijj,other
sqhos,other
sqwjskg,other
srfft,course
srjxwuc,course
srkhiapm,course
srtmzx,other
srylfnmn,course
stfmt,other
stfrgd,course
sttad,other
sulavwtn,other
suqfqzt,other
swccy,project
swgied,other
swsuue,other
swyppqy,course
sxdmgx,other
sxfkrscz,course
sxghcaoe,course
sxzju,faculty
syphpwi,course
syryuiq,course
syxty,department
syzkp,project
szclqg,other
szeuxgw,faculty
szlmwq,other
szvzt,course
szzsbzp,other
takejb,course
tbcbekmq,other
tbhhyctl,project
tbkoiw,project
tbugr,other
tbztbzu,student
tciwtsu,project
tclbku,staff
tclywy,course
tcpjsr,course
teyskot,other
tfggglf,other
tfghbb,course
tgiyn,course
thjpmdp,other
thpiz,student
thxcjaib,other
tibnwoka,project
tibssnu,other
ticjdcr,other
ticyp,student
tidvz,other
titkmd,other
tjcyiuy,course
tjvzkyq,course
tjxmtdv,course
tkkhe,staff
tkqvsduv,staff
tmucvdi,course
tmvwxf,course
tnfeezvd,course
tnjlwzwb,student
tnuwsmd,other
tomluz,project
tooal,course
tpdcgxy,other
tpedb,staff
tqelvzrz,department
tqftv,faculty
tqofkoq,staff
tqperqh,course
tqqlff,course
trwuo,other
tryacy,course
tsceov,student
tslgebal,staff
tspdree,project
tssjsw,course
ttain,course
ttjwn,project
ttlztms,course
ttqpaslw,course
tvcksd,project
tvkyfq,department
tvmqpm,course
twfqhbrg,faculty
twqjlu,course
twzqsn,staff
txetad,course
txnig,faculty
txyyqtyg,course
tyflylsk,other
tzabfv,other
tzkasqnn,other
tzloz,project
tznjyo,course
tzzky,course
tzznkxf,other
uaalnyoj,course
uapyjabq,student
uaupqkjg,course
uazvhld,course
ubpfdjg,staff
ucomfn,other
ucqabpbo,project
udfqv,staff
udghn,other
udjcy,other
ueaelqhp,project
uecth,student
uefdjout,staff
uehan,other
uerqckoj,student
ufsug,course
uftkkja,department
ugcynhdy,other
ughlzdd,course
ugyrbjsh,course
uhakc,other
uhbbh,course
uhuwvfkk,project
uicnn,project
uihixqum,course
uiidp,student
ujnnvh,student
ukgoagzq,other
uktep,course
ulfyinpd,other
ulmioz,department
umaqs,course
umfmofv,other
umhdmc,other
umqzp,faculty
unbawwp,project
uncjwyyp,student
uneyzw,course
unmkyxtt,other
unmwiet,other
unokivxy,other
unxkz,project
uohan,course
uonjb,course
uoqfwcge,faculty
uphoqmv,course
upvdcil,student
upzieony,course
upzow,student
uqrfyv,other
uqvegan,course
urauv,course
uraxyoec,other
urgmrkp,project
urhjkm,staff
urjbt,other
urmpyj,course
urpxexkq,faculty
urwojpfi,course
usnst,course
usodu,course
utcniycx,other
utste,other
utthj,student
utvxb,other
uudvxh,staff
uuouaarr,other
uupkms,other
uuvni,student
uuyzux,course
uuzjjep,course
uvdoelf,other
uvqtpm,student
uvtdgfti,student
uwnkyw,department
uxdouy,course
uxhlojgi,other
uymslh,project
uypqg,project
uzmbjytx,student
vamvo,other
vbefiwn,course
vbpiud,staff
vbvejg,course
vbyxl,project
vceoh,other
vcghxedd,course
vdxpzkfl,other
veacz,course
vejoina,other
vetejigi,student
vgdjl,project
vgflj,other
vgghodxn,department
vgkqf,staff
vgyes,other
viduze,other
vircjd,staff
vivfatjo,other
vjaghhtu,other
vjejypo,staff
vkpfv,other
vkyun,course
vlpbgmh,other
vmaagp,course
vmeusmjs,other
vmtkvyq,other
vnibwn,other
voaecend,course
vofqtp,other
vofxu,staff
vougrt,other
vpasle,project
vpiwso,other
vplyymbb,other
vptlgja,other
vpxuxe,other
vpzsxsde,course
vqcvew,other
vqshies,staff
vrnec,other
vrpbzut,course
vryhvzg,student
vsscij,faculty
vsvgi,project
vszfsxc,other
vtcrtk,faculty
vteob,other
vtgaqhef,staff
vtpjku,faculty
vucvfbo,project
vukas,other
vukoi,other
vukvkftf,course
vvnujx,course
vvpwfqpw,course
vvtckzz,faculty
vvvty,other
vvzcwkr,course
vwdpdg,department
vwpazsc,other
vwuwqyt,course
vxwschv,other
vxydxvhn,department
vydaya,student
vyiacx,faculty
vyxyw,other
wagnh,other
waktj,department
wayudf,department
wbiyyafc,course
wbqkmk,faculty
wbuul,student
wbxnhayf,other
wcgqxff,project
wcjpbf,department
wcwtzpny,other
wdmhyym,course
wdvxr,course
wdyitfx,student
werhnlmo,other
weuyrc,project
weyaq,course
wezofmdj,other
wfdvqju,project
wfqwne,other
whatoka,staff
whchrj,student
whgcvmc,other
winew,other
wiozj,course
wisos,student
wjdnmh,other
wjflwg,other
wjikmk,other
wjwnoa,course
wkabbe,student
wkbpmmx,staff
wkgyykz,project
wkkwq,other
wkqvj,course
wlgmcu,faculty
wlujat,student
wmwvatnb,faculty
wmzuqp,other
wnkmdk,other
woamr,course
wognyts,other
woiup,other
wozlcqqe,course
wozzc,course
wponbx,other
wpwkd,course
wpzfjnwb,course
wqftug,course
wqnpthh,faculty
wqrxuql,other
wqydh,project
wroia,faculty
wrwgeb,other
wrwst,other
wsmcxjb,faculty
wsrchup,other
wtvjwt,other
wuafx,project
wuptba,other
wupxmuix,project
wuuif,staff
wuuosaed,other
wvhluq,staff
wvjzvyvw,other
wvmbv,project
wvxmnt,other
wwisnmd,faculty
wwqvvjs,department
wxbhjnn,course
wxbhke,other
wxlsfqdf,project
wxpmg,faculty
wxsty,other
wzbokx,faculty
wzbpymob,department
wzime,other
wzkfopvp,project
wzmiky,student
wzzsat,student
xbazlov,student
xbccwj,course
xbczrmz,other
xbodwpf,course
xbywiofb,project
xdwwn,other
xdyech,other
xefhoj,student
xegyoao,other
xehjwfv,course
xehokcn,course
xekcw,other
xelszv,course
xfaiss,course
xfmweyy,course
xfyqrgf,other
xggyx,department
xgtpxl,course
xhekwdq,course
xhfqxyg,student
xhokpp,student
xicjxs,course
xigmw,faculty
xisjhb,other
xiwqo,course
xiyialqk,other
xjdbg,department
xjlsnsah,other
xjtobrx,other
xkpxrf,other
xlgkek,other
xlhpgzu,course
xlmkr,other
xlobzd,course
xmmhnp,staff
xmpmap,course
xmrhqtqb,other
xmuzdze,other
xmvvel,project
xnrqsl,faculty
xnwfz,other
xpajbs,other
xpolx,course
xquntnm,department
xrceqcgi,course
xtjou,other
xtkmljpb,other
xtlfyrqe,course
xtnlnc,course
xuime,course
xuoppkn,other
xvcldiw,other
xvesdne,student
xvlikyt,student
xvzmwpsh,course
xwdvabs,department
xwgndfxh,course
xxnbrcs,staff
xxyuea,other
xyiafjk,course
xyksfzpt,other
xyqlp,other
xyqyyd,faculty
xyufofwi,course
xzgww,course
yadbhst,student
yajcfiu,faculty
yapkjnvk,course
yawspc,faculty
ybbbche,course
ybcvkiqf,course
ybmlhz,student
ybppz,faculty
yckusfqv,student
ycvkbx,department
ydbfhql,course
ydkxsvar,course
yfowe,course
yftemp,project
yfygyu,faculty
yghie,student
ygjolah,course
ygqsjtxz,student
ygrgy,course
ygycaic,other
yhcpzrfo,project
yhwmjuo,other
yiltpbly,faculty
yimpq,other
yiohudke,course
yjdwr,student
yjmvoa,project
yjmwkn,project
yjrtz,course
yjtubjn,student
yloilxu,student
ylvqmlp,course
ylwraohb,student
ymako,other
ymkwkcd,other
ympfium,course
ynikxrtr,project
ynozhbm,course
yolbla,project
yoqrlnzf,other
ypksxut,faculty
ypmwe,other
ypudwfvf,course
ypwwzekj,course
ypxfdn,other
yqium,faculty
yrjhu,faculty
yruomuus,course
ysfrk,course
ythxhd,staff
ytpju,other
ytvco,student
yucra,other
yujiusv,other
yvdelq,other
yvxpvlc,student
ywosgix,course
ywpbst,other
ywrzvbyr,student
yxmkc,faculty
yxzgihv,other
yywthxme,faculty
yzpjgv,faculty
yzqamu,staff
yzqkk,student
yzvdbvgg,staff
zabhnt,other
zcjqp,student
zcprw,other
zcwlvejw,course
zcywupd,project
zdepjjwh,project
zemgq,staff
zfehbu,course
zfmgxz,staff
zfmpy,course
zgrtpsri,faculty
zgrzpiay,course
zgwwfvlq,other
zhncldpt,course
zhwcpf,other
zibqmi,other
zilams,course
ziuunycb,project
ziuzwl,project
zjggyij,staff
zkivua,project
zkrcw,other
zkwhp,staff
zlshvea,course
zlsqsds,department
zlvjh,other
zndgv,faculty
znnex,other
zobjoz,student
zodhxn,course
zonegssw,course
zoukpqm,project
zpeuuxw,student
zqaau,department
zqaipj,course
zrnggdny,project
zsakwfvj,other
zsbkhic,project
zsylru,other
ztmcj,other
ztoydtcl,other
ztrfkwki,project
zudeebif,other
zupzrry,project
zvrysckq,course
zwcgsbo,student
zxcehieq,course
zxexuw,staff
zxmmn,course
zxwkru,project
zybimtt,other
zypnixf,course
