docid,predicted_class
aaclkul,student
aagelci,other
aangjmn,other
aawnpc,course
abdjgiz,student
abeith,course
acbplmv,other
aceolgzx,project
aeohgccl,course
afdtazl,other
ahomx,faculty
aigkvvw,student
aiiuj,other
aimch,student
aiqltd,course
aishkqu,other
aixqtudn,course
aizdnscx,other
ajgfhfc,other
ajjwszik,student
akbfdvs,student
aktnyrw,student
alfaog,course
aljsfwq,student
alrywqkr,department
altuxox,student
altxhm,course
amowrsh,course
ampuskyi,department
amvukjdd,course
amwcmt,student
amzuns,project
anjxcrs,student
anpusdof,course
apakwv,course
apcgc,student
apkhal,student
aplafmip,faculty
apmwy,course
apnbs,faculty
appjcc,course
aqhzllis,student
aqsrcsy,course
arwvjftm,project
arzeerl,course
asani,course
asjtpgrs,student
aslkxlcr,other
asmucefp,course
aspksukx,faculty
aspnkeit,other
audtaxh,student
augeudkf,course
augwaud,course
aunqt,course
avemi,student
awioiejc,faculty
awlal,student
axgkxmj,other
axphpch,other
aykqf,course
ayteap,faculty
azndzp,other
bbgkx,course
bcsrsbug,student
bdcydd,project
bdptkaio,faculty
bdwiu,course
begqls,project
beoczxhp,other
beoyl,project
beveykcq,other
bfiznf,course
bghlh,student
bgnisk,student
bgudhc,course
bgxblaq,student
bhjnxfeq,other
bhkvqidu,course
bhlwohi,other
bhptsyjz,student
bhuwf,other
bhzijblm,other
biaio,other
bilwr,course
bjjitsgt,course
bjwiuevz,other
bjzfnftw,course
blobw,course
bmmzflr,other
bnbsv,student
boarhn,course
bodmvxdf,student
bofjb,other
bondtsrh,other
bovyrx,student
bpblgwar,course
bphhvc,project
bpjzrlxy,student
bpxla,course
bqbvlmis,course
bqcuk,other
bqfbagmb,other
brhotofi,faculty
brmtqcj,faculty
brorn,course
browzov,course
brwup,staff
brzpgboe,other
bsjgc,other
bsjsuzw,project
bslps,other
btpdso,faculty
btrlegkg,other
bttjq,other
bulvw,student
bumcmpt,course
bvabh,staff
bvkkhgyo,student
bvnniatg,course
bvtwusw,department
bvvko,course
bwjjh,staff
bwvavr,faculty
bxwnlyu,other
bxxlthi,student
bypmk,other
byyxifzz,student
bzavavce,course
bzbyv,course
bzthieu,department
caaelf,student
caecfi,student
caeck,student
caogdi,course
cbdxh,student
cbuuznl,other
ccbje,student
cddmp,course
cdhwa,student
cdruyo,student
cehogf,faculty
cenlf,student
cfcynn,student
cfsvmoen,course
cftid,course
cfwzqt,other
cgjuowc,faculty
charmfhj,faculty
chwusgl,other
cifmtm,faculty
cifyk,student
cioumfyi,course
ciuipt,other
ciwmb,course
cjnrzzmk,course
cjnxondy,other
ckemt,student
cketrvj,staff
ckhzgl,project
clcydbp,student
clkaoj,course
clpyjrid,student
clsxoodd,faculty
cnhjk,course
cnlce,faculty
coomnevj,student
cotsv,course
cqksepwt,course
cqqqjx,student
cqtek,course
cqyvoud,other
cqzxj,other
crbexe,course
crusceee,course
ctfljg,staff
ctshqqfo,other
cvxtmt,project
cwlxvwh,course
cxdpjw,faculty
cxjmjdh,department
cxvkh,faculty
czkze,faculty
czvftspe,course
czwglks,course
dbtooseb,other
dcbnebw,faculty
dcidctu,faculty
dclyjjg,other
ddgreszb,other
ddlpfjed,department
ddsnlb,staff
ddurpci,faculty
ddwoml,project
debuzvc,student
deopslyp,student
deqwxxpt,other
devpg,student
dfuhpn,other
dfvnobj,student
dfzdiiy,faculty
dgppgjr,other
dhrezf,student
dhtdvz,other
digdken,course
djqfg,course
djrcms,other
dkgpnac,other
dkzacj,other
dmdjwh,other
dmiti,student
dmxjlh,faculty
doihof,course
dqhfisnj,course
dqxgzzq,student
dsnfmpl,other
dsvfsknw,other
duevfegy,faculty
duewkd,course
duhyq,course
dupih,other
dupnrc,other
duztbzxs,course
dvtry,faculty
dwsrmkmd,course
dxratuv,course
dxwljzj,other
dykbpos,other
dyruktbc,other
dyzbzmd,student
eanugl,course
eapzf,course
ecpfwumt,course
eechlt,course
eenhsx,course
eeqnxdb,other
eezqfeb,faculty
efkum,course
egjrrq,student
egqhoaq,faculty
eicecdq,faculty
eicifodp,course
eihif,course
eisomf,other
ejdmt,course
ejygdjl,student
ekauzlfp,student
eksgz,other
ekwtr,other
elbnnrs,course
elgcpgx,department
elsgfepj,other
emjhblgl,other
empwxl,department
emtufqje,course
enikcsv,student
eoohbumy,other
epftt,other
eplubxxs,other
eporowdg,other
epuimb,student
epxzvm,faculty
erxspdd,other
eshbrq,other
esjxb,department
espxbh,other
estbkk,course
esxrrht,other
etibjjjs,student
eudatvy,other
evegw,faculty
evwphope,faculty
ewlew,student
ewnonvxy,other
ewsktq,course
ewwcso,course
exatc,student
excvdwzh,course
exiitk,other
eyaswbjz,student
eygbw,faculty
eyjdhqq,other
eysee,other
eytliaib,other
eyvafkd,faculty
eyxtv,course
ezpaic,course
fajpkgj,faculty
faprw,course
faqoft,other
fbcvban,student
fbzij,course
fcpcxixw,department
fcwjgf,other
fczhavit,course
fdxcbwrj,student
feavav,other
feeuawp,course
fekdcta,course
ffcrqo,course
ffczrnz,course
ffqtge,other
ffrkhfcp,department
fgnuh,department
fhalcyxq,other
fhayg,faculty
fhszf,course
fhwlo,student
fimnwyjw,student
fizgc,course
fjxpjfez,student
fksba,other
fkvuit,course
flectkq,other
flgtpxn,faculty
fmahjld,course
fmjcrj,other
fmmiki,faculty
fmqwylsg,student
fndgjmzm,other
fnqkojm,course
fnsurvey,course
fppga,other
fpwuad,staff
fqealu,other
fqkyhcel,other
fqnaj,student
fromyknh,other
fsjvm,other
ftipfpcv,student
fudhjb,other
fugmzdml,other
fuvxncl,other
fuxozggi,other
fvcnksd,other
fvgngpl,student
fvuyfjv,faculty
fwzhcxrx,other
fxabo,project
fxqhlu,course
fygug,project
fzgowhq,course
fzuwzk,student
fzyjwl,student
gaqepyeo,student
gazyznk,student
gbmsh,other
gbumd,other
gbvqwbe,student
gbzlhhl,course
gciirlh,student
gdgvwifk,course
gdpex,faculty
gduwb,faculty
gdxmso,student
gedcirqa,other
geiruvj,faculty
gevdzsvt,other
gfpmjx,other
gfvefxbu,course
gfwdbf,other
gfyrwma,department
ggozukjr,course
ghxnl,staff
gieoqvia,course
gjhhavd,other
gjpcxt,other
gjtxqp,other
gjuhqzdv,course
gkdnf,other
gkhact,student
gkqtn,course
gkvqoukw,course
gnaju,course
gnothl,course
gnrotudd,other
gnzbtght,course
gotjzb,project
gowqht,course
goxgfr,student
gqgtsy,other
grddrzm,other
gtbdebp,course
gtchjnzw,faculty
gtdarzt,other
gtdctoah,student
gtgxgzcn,student
gtjdqq,student
gtwhcjns,other
gtxqws,course
gurvox,department
gwnono,other
gwojb,faculty
gwtwpgzd,course
gwytgt,department
gxabdahe,department
gxdcpwo,faculty
gxqadkgw,other
gyldrugw,faculty
gyutr,other
gzcicjd,faculty
gzomtedw,other
gzzdke,faculty
hafjoyi,other
haifof,student
hbobpex,faculty
hbregcw,student
hchoacu,student
hcxyp,course
hczmwigz,student
heaeeg,faculty
heatdq,student
heiozqq,other
hezwgs,other
hfdchvs,department
hfpivpuu,student
hgjwxb,student
hgmehmo,other
hhabfel,faculty
hhdjgk,staff
hhdrss,student
hhsnp,other
higwe,course
hkdkgy,course
hlsypm,other
hltxkki,course
hmavwgj,student
hmdjklt,course
hmidet,student
hmrwjp,other
hngmr,other
hnweal,course
hoqua,student
hovra,student
hpsaouip,course
hpweca,course
hpzoxitc,department
hqrwpbt,staff
hquvdf,faculty
hrojordm,other
hrshysyc,faculty
hskgpx,staff
hszvzt,other
htbdkait,course
htqac,other
huovxti,project
hurpsrje,student
huumx,student
hvmsfmtn,faculty
hvstwh,other
hwxdzumg,course
hxkeks,student
hxncig,faculty
hyakvwkw,other
hyutx,staff
iasqknq,student
iavwjn,student
iawcg,other
ibnqs,other
ibxwya,student
icptqhh,staff
iczwhz,staff
idjfvfvk,course
ifclx,faculty
ifhyt,student
ifttvly,other
igamsti,course
igfttdjo,other
igswa,course
ihrpmc,course
ihsbfi,other
iirmwgfq,other
iitwjneu,department
iivlvl,course
ijkhegq,course
ijoyru,course
ijsqaud,course
ikgbbfg,project
iklphm,student
ilktf,other
iloxxj,course
imdrjq,course
imltuesr,other
immpx,student
inlsldab,faculty
ioabqtxs,course
ioxoxekd,other
iplufn,course
iprfwqc,other
iqbqv,other
iqeigph,other
irhvgjs,course
irhvprt,student
irjhn,course
irrdkkbn,other
iryynwmk,other
isxcfiva,student
iszou,student
itlkmcny,other
itmbdhy,student
itozobft,other
iuxnok,course
iuxtwgjz,student
iwron,faculty
iwsxp,other
iwwwqw,faculty
iwywhmi,student
ixfhz,course
ixfqx,project
ixoubp,other
ixslka,project
iyemmjpt,faculty
iyfsi,other
iypszquv,student
iyykc,course
izhzil,student
izktf,other
iztxnf,other
jbarxv,faculty
jcalgzyq,staff
jcmkz,course
jctytnm,faculty
jdjamsls,student
jdnph,faculty
jdnrfqx,student
jdscdzrq,other
jdwxv,student
jewrlbk,other
jfdjl,student
jffly,staff
jfiubhz,faculty
jfpfze,faculty
jfqpd,student
jfwjlbtk,course
jgzrtkhc,other
jhptp,department
jieeefx,student
jjdohqq,course
jjomjmu,other
jjtlz,other
jjvpn,faculty
jklzmg,course
jlecz,other
jlkbszx,department
jlrqqriz,course
jmbmykpe,student
jmcmoudq,student
jmiqllv,course
jnlam,student
jnvplm,student
jptfm,other
jpxvffy,other
jqbbor,faculty
jqbuixz,student
jqeqv,course
jqfuqu,course
jrkacjdp,course
jrpbytj,department
jryqezxd,student
jspgm,course
jswcx,course
jsybmuwh,student
jsyjyssc,course
jtahlq,other
jtcqmpo,other
jubzucis,other
juealsvj,other
junlpo,student
juwhwbv,other
juwmtndc,other
jvhhaxpn,course
jvnyyk,course
jwawqn,student
jwfzxxg,other
jwkygjy,faculty
jxbmfg,course
jxiite,other
jxjpziw,student
jxpqg,student
jxqpwlw,student
jyeyszb,student
jyffkgyk,other
jymnj,course
jzifdoy,department
jzjei,course
jzoegbn,student
jzoyf,course
kaqaica,student
karbsg,student
kbjsadwd,student
kbsxru,course
kbwcx,course
kcjaz,department
kcldhpcj,other
kcogomz,staff
kdscbeoa,staff
kegru,faculty
kejiyfi,other
kesfngwd,faculty
kfbgivtc,other
kgaxenm,faculty
kgmxep,course
kgtrkmsz,student
khcaied,project
khtaydx,student
kiqge,faculty
kjfoazza,student
kjjbbt,other
kjnmoil,project
kjsyzoav,faculty
klpyg,course
kltqcs,course
klysfu,other
klzplzo,course
kmrpuzwi,other
knvdg,other
kobkw,student
kofrfx,other
kqghrpia,course
kqohtbk,course
kqqjul,other
krdwlm,project
krjly,course
ksbke,course
ksglvhbn,other
kskwfq,course
kspcm,course
ksuan,other
ktjhyivf,other
ktmvcnv,student
kubbcel,faculty
kucnbni,staff
kuecr,department
kulinjxp,course
kuwjxt,course
kvals,course
kvtlipjh,course
kvxrm,course
kwmbjag,other
kxbknr,faculty
kxckdvl,other
kxkilvn,other
kxwsy,student
kydoocvs,course
kypnmal,student
kyughy,course
kzgrf,course
kzhkaelo,student
kztyatd,other
kzvrrq,other
laazymrn,student
lafkhdc,course
lalle,department
lawengc,course
lawhfzt,student
lbbfjhf,student
lbiaen,project
lbokfzil,other
lclvhfy,course
lcnosc,student
lcuod,course
ldwcriio,course
ldwnvwx,student
ldwvc,course
lexfksko,other
lftxjvs,course
lfukf,course
lfuutmdo,student
lfzwtjn,department
lgzaacv,course
lgztt,student
lhecwea,other
lhmqz,course
lhyku,course
livhw,course
livtdd,course
ljqcj,course
ljylnd,course
lkhsef,course
lknwvokt,student
lkyjhgjr,other
llsokyh,staff
lmobyly,other
lndjiibk,faculty
lnezhnb,department
lnjznbyx,other
lnstrg,other
lobyn,course
loflw,course
lohsn,course
lomurthi,other
lpqqysth,faculty
lptrnbd,student
lpzykg,other
lqomt,department
lquduym,project
lsfqtx,other
lsmbvcgc,other
lswtmup,faculty
ltwcnxe,student
ltxmyss,student
lvaetsrg,course
lvqkyij,other
lwhudcyk,faculty
lwvwd,student
lwzgs,other
lxgov,student
lxhpien,course
lxmezm,student
lxnadu,student
lxqvv,student
lxvgk,course
lxzsc,project
lyjtcwqm,other
lynsj,student
lzooyy,faculty
lzqgc,faculty
lzqquih,project
lzybo,other
mabprrc,staff
macgmms,student
macjz,student
maktwrg,course
mbfpm,course
mbyfebju,staff
mcfjym,other
mdfbugu,student
mdqybvdc,course
meqmm,faculty
metwifo,other
mfdsqlg,student
mfkaijyg,student
mfowj,course
mfpqw,student
mfryd,student
mgapfvg,other
mgaymm,other
mgqqsxli,course
mgvpscd,other
mhxvauhj,student
mlylezz,course
mmigvvwa,student
mmizx,course
mmlrd,course
mmtvoq,student
mmuuo,course
mnjwv,course
mnrzhw,student
moesglp,other
moksh,other
mpejiarb,faculty
mpgisgc,course
mphlxz,other
mqfmt,course
mqfpyvdb,student
mqncr,faculty
mqxwc,other
mrqhsday,other
msvrcfr,other
mtsglnze,student
mtzuqdqc,student
mudeyg,project
muncc,student
muuzsqc,course
muxhh,student
mvhtl,department
mvjyf,course
mvlaq,student
mvxmadyv,other
mvzdvi,student
mwejx,other
mxcxhcl,course
mxrcuqy,course
myipwh,course
myzizsmt,course
mzajvh,course
mzguliw,course
mziqqxrl,other
nbvsh,student
ncnaj,student
ncnwm,course
nefxpthf,student
nfdrma,course
nfixgpu,faculty
nfntx,staff
ngiwn,course
nhumd,course
niiskl,course
niizdbw,faculty
nimbgu,student
nizpnfpt,student
njcit,faculty
njesic,course
nksrwz,course
nkury,course
nkxxa,other
nlxxo,student
nlzggd,course
nmhpr,student
nnccrkk,other
nodjvh,student
nqhxy,other
nqnor,other
nrkvfmyh,course
nrqtkx,student
nsigmjh,project
nsixfrwy,student
ntrfeys,other
nttawca,faculty
nugwhj,course
nummeoic,student
nutlkn,student
nuurfy,student
nvmngy,course
nvyekh,department
nwjkcjbp,other
nwqios,student
nwsqesmo,other
nyqbs,other
nzoti,faculty
oaabx,student
oarjpfa,student
oatzro,department
obdwbbir,student
obkxqf,faculty
oceonvf,student
ocpni,course
odgedcwl,department
odngwf,student
oecphzmr,course
oehiy,faculty
ofewooh,other
ofkcidqa,student
ogkbg,other
ogtvbzty,course
ohvniioj,faculty
oikri,other
ojpivf,department
ojwsr,faculty
okiin,student
okjyrnjo,faculty
okpobjnf,student
oktyq,other
olbqqcm,project
olyhatok,student
omfea,course
omvawb,other
ondlxia,department
oneaef,faculty
onxtxl,other
ooipyor,student
oosiq,student
ootxjgh,other
oouybbn,student
oovhs,student
opklki,course
opxnfsb,staff
orhfuocp,other
orjro,other
ortvnlou,other
oruixd,student
otajs,other
otbmgnv,department
oujqzhsy,student
oumtq,other
ouyuwu,course
ovfkp,student
ovtoilww,project
ovzunke,course
owlrody,department
owscy,course
owvpwso,department
oxaepx,other
oxvcgj,other
oyfvhply,department
oyknedm,course
oyuuo,other
oyvbwwkp,student
paorb,other
pbawnp,other
pbgmp,student
pbkzt,other
pbmbnsmg,course
pcfxm,course
pcjsleru,project
pcniublf,student
pcunh,course
pdkbg,student
pdmah,faculty
pdmpmk,other
pdqqm,other
pdwmhrga,course
pejbfu,course
pfhqfrd,course
pfuoqee,student
pfwwd,course
pgtdgqa,project
pgtrzghe,student
phbez,course
phdommor,faculty
phiccyjo,other
phidq,course
piepnnef,other
pieuuqju,student
pinguqo,course
pisti,student
pizzvke,other
pjnrhtd,department
pjnwjfgw,student
pjxvuupt,course
pkbni,student
pkvviu,course
pkxxb,student
plbcxaf,other
plcks,faculty
plddbm,other
plkwghja,course
plnsnh,other
plrzpl,student
plwcqfga,other
pmmpv,course
pmneprn,other
pmtwul,course
pnblr,student
pnurvmuj,other
pobhzrg,student
pohzzvig,other
pomrzubt,department
ponim,other
ponpbpet,faculty
pottb,course
povhh,student
ppewcgla,student
pqowg,course
prhhoulq,other
prlhb,course
psenda,other
psenoob,other
pspktcof,student
psrjytzy,other
psvlaxwd,other
psvry,other
ptfmkkg,course
purnf,department
pvyjdfvh,course
pwrwosjh,course
pxcwhekn,course
pxkrm,other
pyepcme,other
pyiphyg,student
pytglao,student
pyywwcr,course
pzaevn,student
pzfsl,department
pzidtqlv,other
pznqy,faculty
qajnzy,course
qapnjtpf,course
qbbtusu,course
qbhrsv,faculty
qbqrkpx,other
qcaet,department
qcaljay,faculty
qdhikrl,other
qetmh,faculty
qetpato,course
qexjy,other
qfphl,department
qfxbal,faculty
qfyyq,student
qfzzfcr,other
qgxpftrc,course
qgzfwk,staff
qhaov,other
qhfvar,student
qhjnp,course
qiovk,project
qiswj,faculty
qjaaazpc,other
qjimegkq,staff
qjjlm,other
qjpdfr,other
qkhtsm,course
qkqvjt,department
qmbrbf,other
qmosutu,course
qnoufgn,student
qnsjufb,course
qobxesvq,course
qolyb,course
qovhvrh,student
qqfdj,faculty
qqpjjl,other
qqvkpysh,course
qqxkdezo,student
qraso,student
qraxhjys,faculty
qrbuxab,student
qripfz,faculty
qruaqyip,student
qrvoln,course
qtdrqcai,course
qtfpnpr,student
qtishmb,faculty
qtwwz,student
quatg,course
quptkflk,department
quyjp,other
qvgvh,project
qvkigj,other
qvxwlws,project
qwhqbqtr,course
qxdrhk,student
qxltpmh,faculty
qxuwjkk,student
qxxqr,department
qxyitrll,other
qygqm,course
qysqqr,course
qzajgt,other
qzmjh,faculty
qzpupxt,course
rayfcgh,faculty
rbsvykbl,other
rbylaaw,student
rbzxmg,course
rcdphl,other
rcxfcogj,faculty
rcyogl,course
rdhezzsl,student
rdnmnzrc,course
rdovq,course
rdqpjqlx,other
redifgfj,student
reraeopq,other
reukyfwa,faculty
rfdzm,project
rfiabezw,faculty
rfnxfuk,project
rhrilmb,department
rhsep,faculty
riagwy,other
rieafyrm,student
rioljwtj,other
rixsxfif,staff
rjbqqdw,course
rjhmytnw,course
rjkqlkz,course
rjqcds,faculty
rjukv,department
rkatx,student
rkmxdpsz,other
rkokgno,student
rlnave,other
rlnxbkvn,other
rlspsv,course
rlyhuzi,other
rmdyewrl,student
rmwiu,course
rmxyhbk,course
rngiu,course
rnhzudzg,other
rnosomvv,student
rntfgee,course
roisjft,course
rosxu,student
rowjm,other
rpidkd,faculty
rpukwtef,other
rpwonk,course
rqabbch,course
rqbxxl,course
rqdpssq,student
rqocwhxu,course
rrgpppop,faculty
rseuer,student
rsfebueu,faculty
rszjd,course
rtdgpvlc,student
rtdhifk,course
rtdiyzd,course
rteuy,staff
rthigud,student
rujnpfdv,student
rusorxq,other
ruxgzeax,course
rvgdymog,other
rvjpodb,student
rvwffq,course
rwmiz,student
rwrko,course
rxnjvgzd,student
rxzeli,course
rymqfqdn,faculty
ryqcne,other
ryvjcfnj,course
ryvuha,student
ryxpilnj,course
ryzxu,other
samhkjzj,project
saqelsg,other
sbdvyks,other
sbswsnik,student
sbzkac,other
sbzthj,course
scbezdx,other
scfijbu,course
scldtmm,other
scoqtrpn,student
sdaedo,course
sdwkztnc,other
sdyiaw,student
secpx,student
setevnrs,course
sffqp,student
sfnmxx,course
sgrcqh,other
shabqkpo,student
shgrrxm,course
shlql,student
shorc,course
shvuuls,student
sijitbd,faculty
sikxp,faculty
silpo,course
simnaiid,other
sivqknlq,project
skcbez,project
skjbikqn,student
skzzyz,course
sliutrq,course
sluybuce,course
smffe,other
smhwljcv,course
smismv,course
smjotpto,course
smkcife,course
smqmlfgn,student
smqsgj,other
smtqfu,other
smydraa,student
sndtbf,course
snkofs,student
snldrfht,other
snwpmu,course
sokrdvej,student
sorah,other
sphiqtdr,student
sphpwnwi,department
spksfaj,student
spvpn,student
sqbpijj,other
sqhos,faculty
sqwjskg,other
srfft,course
srjxwuc,course
srkhiapm,course
srtmzx,other
srylfnmn,course
stfmt,other
stfrgd,course
sttad,student
sulavwtn,course
suqfqzt,other
swccy,course
swgied,staff
swsuue,faculty
swyppqy,course
sxdmgx,other
sxfkrscz,course
sxghcaoe,course
sxzju,faculty
syphpwi,other
syryuiq,course
syxty,department
syzkp,other
szclqg,other
szeuxgw,staff
szlmwq,other
szvzt,course
szzsbzp,course
takejb,other
tbcbekmq,other
tbhhyctl,other
tbkoiw,course
tbugr,student
tbztbzu,student
tciwtsu,course
tclbku,faculty
tclywy,course
tcpjsr,course
teyskot,other
tfggglf,other
tfghbb,staff
tgiyn,course
thjpmdp,project
thpiz,student
thxcjaib,course
tibnwoka,project
tibssnu,other
ticjdcr,other
ticyp,student
tidvz,other
titkmd,other
tjcyiuy,course
tjvzkyq,student
tjxmtdv,course
tkkhe,student
tkqvsduv,student
tmucvdi,student
tmvwxf,other
tnfeezvd,course
tnjlwzwb,student
tnuwsmd,other
tomluz,department
tooal,other
tpdcgxy,other
tpedb,other
tqelvzrz,other
tqftv,student
tqofkoq,student
tqperqh,course
tqqlff,course
trwuo,student
tryacy,other
tsceov,student
tslgebal,faculty
tspdree,other
tssjsw,student
ttain,course
ttjwn,student
ttlztms,course
ttqpaslw,course
tvcksd,project
tvkyfq,other
tvmqpm,other
twfqhbrg,faculty
twqjlu,course
twzqsn,faculty
txetad,course
txnig,student
txyyqtyg,course
tyflylsk,student
tzabfv,other
tzkasqnn,student
tzloz,other
tznjyo,course
tzzky,other
tzznkxf,other
uaalnyoj,course
uapyjabq,student
uaupqkjg,course
uazvhld,department
ubpfdjg,other
ucomfn,other
ucqabpbo,other
udfqv,staff
udghn,student
udjcy,course
ueaelqhp,project
uecth,student
uefdjout,faculty
uehan,other
uerqckoj,student
ufsug,course
uftkkja,other
ugcynhdy,other
ughlzdd,faculty
ugyrbjsh,course
uhakc,faculty
uhbbh,course
uhuwvfkk,course
uicnn,other
uihixqum,other
uiidp,student
ujnnvh,student
ukgoagzq,other
uktep,course
ulfyinpd,other
ulmioz,department
umaqs,student
umfmofv,student
umhdmc,faculty
umqzp,other
unbawwp,student
uncjwyyp,student
uneyzw,course
unmkyxtt,other
unmwiet,course
unokivxy,student
unxkz,student
uohan,course
uonjb,course
uoqfwcge,faculty
uphoqmv,other
upvdcil,student
upzieony,course
upzow,student
uqrfyv,other
uqvegan,course
urauv,other
uraxyoec,other
urgmrkp,other
urhjkm,faculty
urjbt,student
urmpyj,course
urpxexkq,faculty
urwojpfi,course
usnst,faculty
usodu,course
utcniycx,other
utste,other
utthj,student
utvxb,student
uudvxh,other
uuouaarr,other
uupkms,other
uuvni,student
uuyzux,course
uuzjjep,staff
uvdoelf,other
uvqtpm,student
uvtdgfti,course
uwnkyw,course
uxdouy,course
uxhlojgi,student
uymslh,student
uypqg,student
uzmbjytx,student
vamvo,course
vbefiwn,course
vbpiud,faculty
vbvejg,department
vbyxl,department
vceoh,course
vcghxedd,student
vdxpzkfl,other
veacz,course
vejoina,other
vetejigi,student
vgdjl,other
vgflj,course
vgghodxn,department
vgkqf,student
vgyes,department
viduze,student
vircjd,faculty
vivfatjo,course
vjaghhtu,other
vjejypo,faculty
vkpfv,faculty
vkyun,student
vlpbgmh,student
vmaagp,course
vmeusmjs,other
vmtkvyq,student
vnibwn,other
voaecend,course
vofqtp,other
vofxu,student
vougrt,other
vpasle,other
vpiwso,other
vplyymbb,other
vptlgja,project
vpxuxe,student
vpzsxsde,course
vqcvew,other
vqshies,faculty
vrnec,student
vrpbzut,other
vryhvzg,student
vsscij,faculty
vsvgi,other
vszfsxc,other
vtcrtk,faculty
vteob,other
vtgaqhef,course
vtpjku,course
vucvfbo,project
vukas,other
vukoi,other
vukvkftf,course
vvnujx,project
vvpwfqpw,course
vvtckzz,student
vvvty,other
vvzcwkr,course
vwdpdg,faculty
vwpazsc,faculty
vwuwqyt,student
vxwschv,other
vxydxvhn,faculty
vydaya,student
vyiacx,faculty
vyxyw,other
wagnh,course
waktj,other
wayudf,course
wbiyyafc,student
wbqkmk,faculty
wbuul,student
wbxnhayf,other
wcgqxff,course
wcjpbf,department
wcwtzpny,project
wdmhyym,course
wdvxr,course
wdyitfx,student
werhnlmo,course
weuyrc,student
weyaq,course
wezofmdj,faculty
wfdvqju,project
wfqwne,department
whatoka,faculty
whchrj,student
whgcvmc,student
winew,course
wiozj,course
wisos,course
wjdnmh,student
wjflwg,other
wjikmk,department
wjwnoa,course
wkabbe,student
wkbpmmx,faculty
wkgyykz,other
wkkwq,course
wkqvj,course
wlgmcu,faculty
wlujat,student
wmwvatnb,faculty
wmzuqp,course
wnkmdk,other
woamr,course
wognyts,other
woiup,other
wozlcqqe,course
wozzc,other
wponbx,other
wpwkd,course
wpzfjnwb,course
wqftug,course
wqnpthh,department
wqrxuql,other
wqydh,other
wroia,staff
wrwgeb,faculty
wrwst,other
wsmcxjb,faculty
wsrchup,project
wtvjwt,student
wuafx,other
wuptba,other
wupxmuix,other
wuuif,student
wuuosaed,student
wvhluq,student
wvjzvyvw,other
wvmbv,other
wvxmnt,other
wwisnmd,faculty
wwqvvjs,course
wxbhjnn,course
wxbhke,other
wxlsfqdf,project
wxpmg,faculty
wxsty,student
wzbokx,faculty
wzbpymob,student
wzime,student
wzkfopvp,student
wzmiky,student
wzzsat,student
xbazlov,student
xbccwj,course
xbczrmz,student
xbodwpf,student
xbywiofb,other
xdwwn,faculty
xdyech,other
xefhoj,student
xegyoao,student
xehjwfv,course
xehokcn,course
xekcw,course
xelszv,other
xfaiss,course
xfmweyy,other
xfyqrgf,student
xggyx,faculty
xgtpxl,student
xhekwdq,course
xhfqxyg,other
xhokpp,student
xicjxs,course
xigmw,faculty
xisjhb,student
xiwqo,student
xiyialqk,other
xjdbg,department
xjlsnsah,other
xjtobrx,other
xkpxrf,student
xlgkek,department
xlhpgzu,other
xlmkr,student
xlobzd,course
xmmhnp,student
xmpmap,course
xmrhqtqb,other
xmuzdze,student
xmvvel,course
xnrqsl,faculty
xnwfz,other
xpajbs,project
xpolx,course
xquntnm,department
xrceqcgi,course
xtjou,student
xtkmljpb,other
xtlfyrqe,course
xtnlnc,course
xuime,other
xuoppkn,other
xvcldiw,student
xvesdne,student
xvlikyt,student
xvzmwpsh,other
xwdvabs,faculty
xwgndfxh,course
xxnbrcs,project
xxyuea,student
xyiafjk,course
xyksfzpt,other
xyqlp,other
xyqyyd,faculty
xyufofwi,other
xzgww,course
yadbhst,student
yajcfiu,faculty
yapkjnvk,student
yawspc,faculty
ybbbche,course
ybcvkiqf,course
ybmlhz,student
ybppz,faculty
yckusfqv,student
ycvkbx,department
ydbfhql,course
ydkxsvar,course
yfowe,course
yftemp,department
yfygyu,staff
yghie,student
ygjolah,course
ygqsjtxz,student
ygrgy,course
ygycaic,student
yhcpzrfo,other
yhwmjuo,course
yiltpbly,faculty
yimpq,project
yiohudke,other
yjdwr,student
yjmvoa,project
yjmwkn,other
yjrtz,student
yjtubjn,student
yloilxu,student
ylvqmlp,course
ylwraohb,student
ymako,other
ymkwkcd,other
ympfium,course
ynikxrtr,course
ynozhbm,course
yolbla,other
yoqrlnzf,project
ypksxut,project
ypmwe,other
ypudwfvf,course
ypwwzekj,course
ypxfdn,faculty
yqium,faculty
yrjhu,faculty
yruomuus,course
ysfrk,course
ythxhd,faculty
ytpju,student
ytvco,student
yucra,course
yujiusv,student
yvdelq,other
yvxpvlc,department
ywosgix,course
ywpbst,other
ywrzvbyr,course
yxmkc,faculty
yxzgihv,other
yywthxme,faculty
yzpjgv,faculty
yzqamu,faculty
yzqkk,student
yzvdbvgg,student
zabhnt,other
zcjqp,student
zcprw,student
zcwlvejw,course
zcywupd,other
zdepjjwh,other
zemgq,staff
zfehbu,course
zfmgxz,staff
zfmpy,course
zgrtpsri,course
zgrzpiay,course
zgwwfvlq,other
zhncldpt,student
zhwcpf,other
zibqmi,course
zilams,course
ziuunycb,other
ziuzwl,project
zjggyij,student
zkivua,course
zkrcw,project
zkwhp,student
zlshvea,course
zlsqsds,student
zlvjh,other
zndgv,faculty
znnex,other
zobjoz,student
zodhxn,course
zonegssw,course
zoukpqm,student
zpeuuxw,student
zqaau,other
zqaipj,course
zrnggdny,project
zsakwfvj,other
zsbkhic,project
zsylru,course
ztmcj,project
ztoydtcl,student
ztrfkwki,student
zudeebif,other
zupzrry,project
zvrysckq,student
zwcgsbo,student
zxcehieq,other
zxexuw,faculty
zxmmn,student
zxwkru,other
zybimtt,other
zypnixf,other
